"Label (Grouping)","Churchill County, Nevada!!Total!!Estimate","Churchill County, Nevada!!Total!!Margin of Error","Churchill County, Nevada!!Percent!!Estimate","Churchill County, Nevada!!Percent!!Margin of Error","Churchill County, Nevada!!Male!!Estimate","Churchill County, Nevada!!Male!!Margin of Error","Churchill County, Nevada!!Percent Male!!Estimate","Churchill County, Nevada!!Percent Male!!Margin of Error","Churchill County, Nevada!!Female!!Estimate","Churchill County, Nevada!!Female!!Margin of Error","Churchill County, Nevada!!Percent Female!!Estimate","Churchill County, Nevada!!Percent Female!!Margin of Error","Douglas County, Nevada!!Total!!Estimate","Douglas County, Nevada!!Total!!Margin of Error","Douglas County, Nevada!!Percent!!Estimate","Douglas County, Nevada!!Percent!!Margin of Error","Douglas County, Nevada!!Male!!Estimate","Douglas County, Nevada!!Male!!Margin of Error","Douglas County, Nevada!!Percent Male!!Estimate","Douglas County, Nevada!!Percent Male!!Margin of Error","Douglas County, Nevada!!Female!!Estimate","Douglas County, Nevada!!Female!!Margin of Error","Douglas County, Nevada!!Percent Female!!Estimate","Douglas County, Nevada!!Percent Female!!Margin of Error","Elko County, Nevada!!Total!!Estimate","Elko County, Nevada!!Total!!Margin of Error","Elko County, Nevada!!Percent!!Estimate","Elko County, Nevada!!Percent!!Margin of Error","Elko County, Nevada!!Male!!Estimate","Elko County, Nevada!!Male!!Margin of Error","Elko County, Nevada!!Percent Male!!Estimate","Elko County, Nevada!!Percent Male!!Margin of Error","Elko County, Nevada!!Female!!Estimate","Elko County, Nevada!!Female!!Margin of Error","Elko County, Nevada!!Percent Female!!Estimate","Elko County, Nevada!!Percent Female!!Margin of Error","Esmeralda County, Nevada!!Total!!Estimate","Esmeralda County, Nevada!!Total!!Margin of Error","Esmeralda County, Nevada!!Percent!!Estimate","Esmeralda County, Nevada!!Percent!!Margin of Error","Esmeralda County, Nevada!!Male!!Estimate","Esmeralda County, Nevada!!Male!!Margin of Error","Esmeralda County, Nevada!!Percent Male!!Estimate","Esmeralda County, Nevada!!Percent Male!!Margin of Error","Esmeralda County, Nevada!!Female!!Estimate","Esmeralda County, Nevada!!Female!!Margin of Error","Esmeralda County, Nevada!!Percent Female!!Estimate","Esmeralda County, Nevada!!Percent Female!!Margin of Error","Eureka County, Nevada!!Total!!Estimate","Eureka County, Nevada!!Total!!Margin of Error","Eureka County, Nevada!!Percent!!Estimate","Eureka County, Nevada!!Percent!!Margin of Error","Eureka County, Nevada!!Male!!Estimate","Eureka County, Nevada!!Male!!Margin of Error","Eureka County, Nevada!!Percent Male!!Estimate","Eureka County, Nevada!!Percent Male!!Margin of Error","Eureka County, Nevada!!Female!!Estimate","Eureka County, Nevada!!Female!!Margin of Error","Eureka County, Nevada!!Percent Female!!Estimate","Eureka County, Nevada!!Percent Female!!Margin of Error","Humboldt County, Nevada!!Total!!Estimate","Humboldt County, Nevada!!Total!!Margin of Error","Humboldt County, Nevada!!Percent!!Estimate","Humboldt County, Nevada!!Percent!!Margin of Error","Humboldt County, Nevada!!Male!!Estimate","Humboldt County, Nevada!!Male!!Margin of Error","Humboldt County, Nevada!!Percent Male!!Estimate","Humboldt County, Nevada!!Percent Male!!Margin of Error","Humboldt County, Nevada!!Female!!Estimate","Humboldt County, Nevada!!Female!!Margin of Error","Humboldt County, Nevada!!Percent Female!!Estimate","Humboldt County, Nevada!!Percent Female!!Margin of Error","Lander County, Nevada!!Total!!Estimate","Lander County, Nevada!!Total!!Margin of Error","Lander County, Nevada!!Percent!!Estimate","Lander County, Nevada!!Percent!!Margin of Error","Lander County, Nevada!!Male!!Estimate","Lander County, Nevada!!Male!!Margin of Error","Lander County, Nevada!!Percent Male!!Estimate","Lander County, Nevada!!Percent Male!!Margin of Error","Lander County, Nevada!!Female!!Estimate","Lander County, Nevada!!Female!!Margin of Error","Lander County, Nevada!!Percent Female!!Estimate","Lander County, Nevada!!Percent Female!!Margin of Error","Lincoln County, Nevada!!Total!!Estimate","Lincoln County, Nevada!!Total!!Margin of Error","Lincoln County, Nevada!!Percent!!Estimate","Lincoln County, Nevada!!Percent!!Margin of Error","Lincoln County, Nevada!!Male!!Estimate","Lincoln County, Nevada!!Male!!Margin of Error","Lincoln County, Nevada!!Percent Male!!Estimate","Lincoln County, Nevada!!Percent Male!!Margin of Error","Lincoln County, Nevada!!Female!!Estimate","Lincoln County, Nevada!!Female!!Margin of Error","Lincoln County, Nevada!!Percent Female!!Estimate","Lincoln County, Nevada!!Percent Female!!Margin of Error","Lyon County, Nevada!!Total!!Estimate","Lyon County, Nevada!!Total!!Margin of Error","Lyon County, Nevada!!Percent!!Estimate","Lyon County, Nevada!!Percent!!Margin of Error","Lyon County, Nevada!!Male!!Estimate","Lyon County, Nevada!!Male!!Margin of Error","Lyon County, Nevada!!Percent Male!!Estimate","Lyon County, Nevada!!Percent Male!!Margin of Error","Lyon County, Nevada!!Female!!Estimate","Lyon County, Nevada!!Female!!Margin of Error","Lyon County, Nevada!!Percent Female!!Estimate","Lyon County, Nevada!!Percent Female!!Margin of Error","Mineral County, Nevada!!Total!!Estimate","Mineral County, Nevada!!Total!!Margin of Error","Mineral County, Nevada!!Percent!!Estimate","Mineral County, Nevada!!Percent!!Margin of Error","Mineral County, Nevada!!Male!!Estimate","Mineral County, Nevada!!Male!!Margin of Error","Mineral County, Nevada!!Percent Male!!Estimate","Mineral County, Nevada!!Percent Male!!Margin of Error","Mineral County, Nevada!!Female!!Estimate","Mineral County, Nevada!!Female!!Margin of Error","Mineral County, Nevada!!Percent Female!!Estimate","Mineral County, Nevada!!Percent Female!!Margin of Error","Nye County, Nevada!!Total!!Estimate","Nye County, Nevada!!Total!!Margin of Error","Nye County, Nevada!!Percent!!Estimate","Nye County, Nevada!!Percent!!Margin of Error","Nye County, Nevada!!Male!!Estimate","Nye County, Nevada!!Male!!Margin of Error","Nye County, Nevada!!Percent Male!!Estimate","Nye County, Nevada!!Percent Male!!Margin of Error","Nye County, Nevada!!Female!!Estimate","Nye County, Nevada!!Female!!Margin of Error","Nye County, Nevada!!Percent Female!!Estimate","Nye County, Nevada!!Percent Female!!Margin of Error","Pershing County, Nevada!!Total!!Estimate","Pershing County, Nevada!!Total!!Margin of Error","Pershing County, Nevada!!Percent!!Estimate","Pershing County, Nevada!!Percent!!Margin of Error","Pershing County, Nevada!!Male!!Estimate","Pershing County, Nevada!!Male!!Margin of Error","Pershing County, Nevada!!Percent Male!!Estimate","Pershing County, Nevada!!Percent Male!!Margin of Error","Pershing County, Nevada!!Female!!Estimate","Pershing County, Nevada!!Female!!Margin of Error","Pershing County, Nevada!!Percent Female!!Estimate","Pershing County, Nevada!!Percent Female!!Margin of Error","Storey County, Nevada!!Total!!Estimate","Storey County, Nevada!!Total!!Margin of Error","Storey County, Nevada!!Percent!!Estimate","Storey County, Nevada!!Percent!!Margin of Error","Storey County, Nevada!!Male!!Estimate","Storey County, Nevada!!Male!!Margin of Error","Storey County, Nevada!!Percent Male!!Estimate","Storey County, Nevada!!Percent Male!!Margin of Error","Storey County, Nevada!!Female!!Estimate","Storey County, Nevada!!Female!!Margin of Error","Storey County, Nevada!!Percent Female!!Estimate","Storey County, Nevada!!Percent Female!!Margin of Error","White Pine County, Nevada!!Total!!Estimate","White Pine County, Nevada!!Total!!Margin of Error","White Pine County, Nevada!!Percent!!Estimate","White Pine County, Nevada!!Percent!!Margin of Error","White Pine County, Nevada!!Male!!Estimate","White Pine County, Nevada!!Male!!Margin of Error","White Pine County, Nevada!!Percent Male!!Estimate","White Pine County, Nevada!!Percent Male!!Margin of Error","White Pine County, Nevada!!Female!!Estimate","White Pine County, Nevada!!Female!!Margin of Error","White Pine County, Nevada!!Percent Female!!Estimate","White Pine County, Nevada!!Percent Female!!Margin of Error","Carson City, Nevada!!Total!!Estimate","Carson City, Nevada!!Total!!Margin of Error","Carson City, Nevada!!Percent!!Estimate","Carson City, Nevada!!Percent!!Margin of Error","Carson City, Nevada!!Male!!Estimate","Carson City, Nevada!!Male!!Margin of Error","Carson City, Nevada!!Percent Male!!Estimate","Carson City, Nevada!!Percent Male!!Margin of Error","Carson City, Nevada!!Female!!Estimate","Carson City, Nevada!!Female!!Margin of Error","Carson City, Nevada!!Percent Female!!Estimate","Carson City, Nevada!!Percent Female!!Margin of Error"
"AGE BY EDUCATIONAL ATTAINMENT","","","","","","","","","","","","","","","","","","","","","","","","","","","","","","","","","","","","","","","","","","","","","","","","","","","","","","","","","","","","","","","","","","","","","","","","","","","","","","","","","","","","","","","","","","","","","","","","","","","","","","","","","","","","","","","","","","","","","","","","","","","","","","","","","","","","","","","","","","","","","","","","","","","","","","","","","","","","","","","","","","","","","","","","","","","","","","","","","","","",""
"    Population 18 to 24 years","2,247","±141","(X)","(X)","1,230","±117","(X)","(X)","1,017","±90","(X)","(X)","2,957","±108","(X)","(X)","1,549","±72","(X)","(X)","1,408","±96","(X)","(X)","4,775","±120","(X)","(X)","2,542","±98","(X)","(X)","2,233","±94","(X)","(X)","11","±18","(X)","(X)","11","±18","(X)","(X)","0","±14","(X)","(X)","89","±70","(X)","(X)","62","±58","(X)","(X)","27","±39","(X)","(X)","1,372","±91","(X)","(X)","703","±91","(X)","(X)","669","±13","(X)","(X)","368","±181","(X)","(X)","284","±150","(X)","(X)","84","±78","(X)","(X)","326","±135","(X)","(X)","190","±98","(X)","(X)","136","±75","(X)","(X)","3,934","±202","(X)","(X)","1,997","±147","(X)","(X)","1,937","±115","(X)","(X)","400","±136","(X)","(X)","78","±47","(X)","(X)","322","±134","(X)","(X)","2,709","±279","(X)","(X)","1,481","±206","(X)","(X)","1,228","±148","(X)","(X)","461","±143","(X)","(X)","347","±117","(X)","(X)","114","±59","(X)","(X)","318","±133","(X)","(X)","173","±80","(X)","(X)","145","±69","(X)","(X)","471","±139","(X)","(X)","313","±112","(X)","(X)","158","±86","(X)","(X)","4,599","±144","(X)","(X)","2,549","±109","(X)","(X)","2,050","±78","(X)","(X)"
"        Less than high school graduate","520","±210","23.1%","±9.2","251","±131","20.4%","±9.9","269","±165","26.5%","±15.7","459","±153","15.5%","±5.3","347","±132","22.4%","±8.7","112","±70","8.0%","±4.9","774","±190","16.2%","±4.0","412","±113","16.2%","±4.5","362","±152","16.2%","±6.9","0","±14","0.0%","±100.0","0","±14","0.0%","±100.0","0","±14","-","**","47","±58","52.8%","±44.7","47","±58","75.8%","±44.6","0","±14","0.0%","±65.3","275","±126","20.0%","±9.1","152","±81","21.6%","±11.6","123","±98","18.4%","±14.8","105","±121","28.5%","±28.8","100","±121","35.2%","±33.5","5","±6","6.0%","±11.6","90","±85","27.6%","±22.0","62","±63","32.6%","±27.8","28","±48","20.6%","±29.9","706","±199","17.9%","±5.0","414","±163","20.7%","±8.0","292","±118","15.1%","±6.0","107","±89","26.8%","±18.6","39","±28","50.0%","±17.4","68","±84","21.1%","±23.0","394","±167","14.5%","±5.8","216","±117","14.6%","±7.9","178","±104","14.5%","±7.8","53","±39","11.5%","±7.9","37","±25","10.7%","±6.8","16","±22","14.0%","±20.9","136","±83","42.8%","±21.8","67","±46","38.7%","±22.5","69","±40","47.6%","±26.5","179","±92","38.0%","±18.4","132","±56","42.2%","±17.3","47","±71","29.7%","±41.5","661","±163","14.4%","±3.5","512","±146","20.1%","±5.8","149","±93","7.3%","±4.5"
"        High school graduate (includes equivalency)","881","±179","39.2%","±8.3","480","±137","39.0%","±11.2","401","±130","39.4%","±12.8","1,137","±269","38.5%","±8.8","634","±168","40.9%","±10.2","503","±205","35.7%","±14.0","1,913","±329","40.1%","±6.7","1,145","±240","45.0%","±8.9","768","±193","34.4%","±8.6","1","±3","9.1%","±27.8","1","±3","9.1%","±27.8","0","±14","-","**","0","±14","0.0%","±35.7","0","±14","0.0%","±43.1","0","±14","0.0%","±65.3","562","±150","41.0%","±10.5","292","±128","41.5%","±15.8","270","±102","40.4%","±15.2","208","±119","56.5%","±24.0","142","±96","50.0%","±30.2","66","±77","78.6%","±37.5","161","±101","49.4%","±27.0","109","±74","57.4%","±30.1","52","±54","38.2%","±35.0","2,032","±294","51.7%","±7.3","1,043","±254","52.2%","±12.2","989","±152","51.1%","±8.7","153","±102","38.3%","±24.0","39","±27","50.0%","±17.4","114","±99","35.4%","±29.5","1,406","±294","51.9%","±9.2","665","±262","44.9%","±15.8","741","±148","60.3%","±12.5","265","±97","57.5%","±17.0","229","±94","66.0%","±18.8","36","±31","31.6%","±27.4","143","±104","45.0%","±23.3","82","±63","47.4%","±25.3","61","±56","42.1%","±28.0","149","±86","31.6%","±16.7","50","±44","16.0%","±14.4","99","±83","62.7%","±39.9","1,782","±257","38.7%","±5.6","983","±191","38.6%","±7.4","799","±152","39.0%","±7.5"
"        Some college or associate's degree","791","±245","35.2%","±10.4","444","±141","36.1%","±11.5","347","±174","34.1%","±16.9","1,187","±272","40.1%","±9.2","459","±138","29.6%","±8.9","728","±191","51.7%","±13.8","1,742","±311","36.5%","±6.5","766","±172","30.1%","±6.9","976","±215","43.7%","±9.1","10","±18","90.9%","±27.8","10","±18","90.9%","±27.8","0","±14","-","**","42","±44","47.2%","±44.7","15","±24","24.2%","±44.6","27","±39","100.0%","±65.3","406","±118","29.6%","±8.5","217","±87","30.9%","±12.3","189","±72","28.3%","±10.8","55","±55","14.9%","±12.9","42","±53","14.8%","±19.1","13","±23","15.5%","±32.7","75","±80","23.0%","±23.1","19","±32","10.0%","±16.4","56","±54","41.2%","±36.3","1,102","±245","28.0%","±6.0","489","±189","24.5%","±9.2","613","±164","31.6%","±7.7","140","±105","35.0%","±25.2","0","±14","0.0%","±38.4","140","±105","43.5%","±31.4","869","±275","32.1%","±9.8","600","±265","40.5%","±17.2","269","±147","21.9%","±10.9","118","±95","25.6%","±17.7","81","±76","23.3%","±19.3","37","±46","32.5%","±33.9","39","±32","12.3%","±10.3","24","±23","13.9%","±14.1","15","±23","10.3%","±15.1","143","±94","30.4%","±15.4","131","±92","41.9%","±21.0","12","±17","7.6%","±11.3","1,944","±267","42.3%","±5.5","996","±208","39.1%","±7.7","948","±166","46.2%","±7.9"
"        Bachelor's degree or higher","55","±65","2.4%","±2.8","55","±65","4.5%","±5.0","0","±25","0.0%","±4.1","174","±115","5.9%","±3.8","109","±93","7.0%","±6.0","65","±61","4.6%","±4.2","346","±194","7.2%","±4.1","219","±165","8.6%","±6.5","127","±101","5.7%","±4.6","0","±14","0.0%","±100.0","0","±14","0.0%","±100.0","0","±14","-","**","0","±14","0.0%","±35.7","0","±14","0.0%","±43.1","0","±14","0.0%","±65.3","129","±90","9.4%","±6.6","42","±44","6.0%","±6.3","87","±78","13.0%","±11.7","0","±19","0.0%","±10.9","0","±19","0.0%","±13.9","0","±19","0.0%","±36.9","0","±14","0.0%","±12.2","0","±14","0.0%","±19.9","0","±14","0.0%","±26.3","94","±95","2.4%","±2.4","51","±58","2.6%","±2.8","43","±56","2.2%","±2.8","0","±14","0.0%","±10.1","0","±14","0.0%","±38.4","0","±14","0.0%","±12.3","40","±42","1.5%","±1.6","0","±32","0.0%","±2.8","40","±42","3.3%","±3.4","25","±33","5.4%","±6.8","0","±19","0.0%","±11.5","25","±33","21.9%","±26.8","0","±14","0.0%","±12.5","0","±14","0.0%","±21.6","0","±14","0.0%","±25.0","0","±19","0.0%","±8.6","0","±19","0.0%","±12.7","0","±19","0.0%","±23.3","212","±102","4.6%","±2.2","58","±47","2.3%","±1.8","154","±82","7.5%","±3.9"
"    Population 25 years and over","17,516","±232","(X)","(X)","8,948","±231","(X)","(X)","8,568","±136","(X)","(X)","38,843","±115","(X)","(X)","19,517","±144","(X)","(X)","19,326","±108","(X)","(X)","34,678","±156","(X)","(X)","18,209","±181","(X)","(X)","16,469","±141","(X)","(X)","873","±234","(X)","(X)","479","±138","(X)","(X)","394","±152","(X)","(X)","1,111","±232","(X)","(X)","551","±104","(X)","(X)","560","±142","(X)","(X)","11,339","±97","(X)","(X)","6,007","±114","(X)","(X)","5,332","±90","(X)","(X)","3,854","±249","(X)","(X)","2,069","±167","(X)","(X)","1,785","±164","(X)","(X)","3,187","±248","(X)","(X)","1,785","±192","(X)","(X)","1,402","±189","(X)","(X)","43,054","±160","(X)","(X)","22,328","±128","(X)","(X)","20,726","±101","(X)","(X)","3,263","±188","(X)","(X)","1,631","±186","(X)","(X)","1,632","±149","(X)","(X)","40,380","±294","(X)","(X)","20,701","±245","(X)","(X)","19,679","±133","(X)","(X)","5,013","±143","(X)","(X)","3,356","±124","(X)","(X)","1,657","±71","(X)","(X)","3,113","±219","(X)","(X)","1,640","±225","(X)","(X)","1,473","±193","(X)","(X)","6,727","±139","(X)","(X)","3,962","±159","(X)","(X)","2,765","±160","(X)","(X)","41,987","±145","(X)","(X)","21,798","±131","(X)","(X)","20,189","±105","(X)","(X)"
"        Less than 9th grade","438","±190","2.5%","±1.1","212","±124","2.4%","±1.4","226","±125","2.6%","±1.4","870","±221","2.2%","±0.6","466","±148","2.4%","±0.8","404","±144","2.1%","±0.7","1,625","±413","4.7%","±1.2","490","±153","2.7%","±0.8","1,135","±398","6.9%","±2.4","35","±43","4.0%","±4.8","24","±30","5.0%","±6.2","11","±19","2.8%","±4.6","25","±38","2.3%","±3.5","25","±38","4.5%","±7.0","0","±14","0.0%","±7.3","627","±171","5.5%","±1.5","383","±138","6.4%","±2.3","244","±99","4.6%","±1.9","40","±34","1.0%","±0.9","18","±21","0.9%","±1.0","22","±29","1.2%","±1.6","94","±58","2.9%","±1.8","39","±36","2.2%","±2.1","55","±52","3.9%","±3.6","1,873","±417","4.4%","±1.0","1,067","±270","4.8%","±1.2","806","±304","3.9%","±1.5","73","±67","2.2%","±2.1","48","±53","2.9%","±3.3","25","±38","1.5%","±2.3","1,918","±374","4.7%","±0.9","1,177","±278","5.7%","±1.3","741","±220","3.8%","±1.1","144","±74","2.9%","±1.5","59","±36","1.8%","±1.1","85","±51","5.1%","±3.0","19","±20","0.6%","±0.7","10","±16","0.6%","±1.0","9","±14","0.6%","±1.0","195","±98","2.9%","±1.4","149","±80","3.8%","±2.0","46","±51","1.7%","±1.8","1,680","±285","4.0%","±0.7","821","±185","3.8%","±0.8","859","±207","4.3%","±1.0"
"        9th to 12th grade, no diploma","930","±271","5.3%","±1.5","606","±203","6.8%","±2.3","324","±141","3.8%","±1.6","1,698","±341","4.4%","±0.9","875","±252","4.5%","±1.3","823","±233","4.3%","±1.2","2,224","±393","6.4%","±1.1","962","±236","5.3%","±1.3","1,262","±292","7.7%","±1.8","156","±120","17.9%","±12.0","150","±120","31.3%","±19.1","6","±10","1.5%","±2.8","28","±23","2.5%","±2.1","7","±7","1.3%","±1.3","21","±22","3.8%","±4.0","1,027","±252","9.1%","±2.2","568","±166","9.5%","±2.7","459","±161","8.6%","±3.1","336","±148","8.7%","±3.6","315","±147","15.2%","±6.8","21","±16","1.2%","±0.9","281","±130","8.8%","±4.0","208","±92","11.7%","±5.1","73","±65","5.2%","±4.6","3,566","±483","8.3%","±1.1","1,709","±337","7.7%","±1.5","1,857","±320","9.0%","±1.5","245","±100","7.5%","±3.1","172","±98","10.5%","±5.9","73","±39","4.5%","±2.4","3,458","±530","8.6%","±1.3","1,731","±315","8.4%","±1.5","1,727","±398","8.8%","±2.0","655","±164","13.1%","±3.3","540","±149","16.1%","±4.5","115","±63","6.9%","±3.8","217","±125","7.0%","±3.9","162","±119","9.9%","±7.0","55","±55","3.7%","±3.6","524","±128","7.8%","±1.9","415","±110","10.5%","±2.8","109","±54","3.9%","±2.0","3,123","±437","7.4%","±1.0","1,606","±261","7.4%","±1.2","1,517","±307","7.5%","±1.5"
"        High school graduate (includes equivalency)","5,914","±657","33.8%","±3.8","3,199","±354","35.8%","±4.1","2,715","±449","31.7%","±5.3","9,459","±563","24.4%","±1.5","4,694","±433","24.1%","±2.2","4,765","±337","24.7%","±1.7","11,725","±771","33.8%","±2.2","6,617","±648","36.3%","±3.6","5,108","±500","31.0%","±3.0","198","±74","22.7%","±8.0","102","±40","21.3%","±8.8","96","±52","24.4%","±13.0","467","±146","42.0%","±10.2","270","±89","49.0%","±12.2","197","±96","35.2%","±15.9","3,868","±429","34.1%","±3.7","2,151","±311","35.8%","±5.1","1,717","±276","32.2%","±5.0","1,334","±301","34.6%","±7.5","598","±198","28.9%","±9.3","736","±183","41.2%","±9.3","1,382","±293","43.4%","±8.0","745","±215","41.7%","±10.0","637","±183","45.4%","±10.4","13,740","±824","31.9%","±1.9","6,949","±666","31.1%","±3.0","6,791","±550","32.8%","±2.6","1,356","±245","41.6%","±7.8","612","±135","37.5%","±8.8","744","±210","45.6%","±11.7","14,409","±990","35.7%","±2.5","7,602","±679","36.7%","±3.3","6,807","±625","34.6%","±3.2","2,131","±293","42.5%","±5.6","1,514","±228","45.1%","±6.6","617","±128","37.2%","±7.6","594","±176","19.1%","±5.3","269","±146","16.4%","±7.9","325","±123","22.1%","±8.0","2,851","±374","42.4%","±5.4","2,009","±279","50.7%","±6.2","842","±227","30.5%","±7.8","10,745","±810","25.6%","±1.9","5,859","±560","26.9%","±2.6","4,886","±501","24.2%","±2.5"
"        Some college, no degree","4,971","±479","28.4%","±2.8","2,446","±285","27.3%","±3.2","2,525","±334","29.5%","±3.8","10,517","±703","27.1%","±1.8","5,135","±440","26.3%","±2.3","5,382","±512","27.8%","±2.7","9,541","±739","27.5%","±2.1","5,516","±623","30.3%","±3.4","4,025","±438","24.4%","±2.7","227","±125","26.0%","±10.7","93","±44","19.4%","±9.0","134","±115","34.0%","±20.4","379","±149","34.1%","±9.4","158","±71","28.7%","±11.0","221","±102","39.5%","±13.2","2,458","±370","21.7%","±3.3","1,209","±251","20.1%","±4.1","1,249","±250","23.4%","±4.7","962","±202","25.0%","±4.9","547","±174","26.4%","±7.6","415","±121","23.2%","±6.6","757","±212","23.8%","±7.0","436","±137","24.4%","±7.5","321","±121","22.9%","±9.0","12,102","±898","28.1%","±2.1","6,785","±689","30.4%","±3.1","5,317","±660","25.7%","±3.2","1,005","±236","30.8%","±6.8","431","±152","26.4%","±8.5","574","±162","35.2%","±9.3","12,094","±870","30.0%","±2.1","5,877","±627","28.4%","±3.1","6,217","±640","31.6%","±3.2","1,155","±197","23.0%","±3.9","742","±157","22.1%","±4.5","413","±97","24.9%","±5.9","1,022","±220","32.8%","±6.7","497","±172","30.3%","±10.1","525","±158","35.6%","±8.8","1,516","±243","22.5%","±3.7","744","±169","18.8%","±4.4","772","±180","27.9%","±6.5","11,618","±759","27.7%","±1.8","6,227","±497","28.6%","±2.3","5,391","±469","26.7%","±2.3"
"        Associate's degree","2,173","±468","12.4%","±2.7","958","±242","10.7%","±2.7","1,215","±367","14.2%","±4.3","4,129","±430","10.6%","±1.1","1,896","±267","9.7%","±1.4","2,233","±310","11.6%","±1.6","3,665","±491","10.6%","±1.4","1,805","±369","9.9%","±2.0","1,860","±346","11.3%","±2.1","45","±37","5.2%","±4.3","25","±20","5.2%","±4.5","20","±22","5.1%","±5.4","43","±42","3.9%","±3.5","5","±8","0.9%","±1.5","38","±40","6.8%","±6.6","999","±222","8.8%","±1.9","540","±145","9.0%","±2.4","459","±140","8.6%","±2.6","641","±231","16.6%","±6.2","410","±177","19.8%","±8.8","231","±99","12.9%","±5.4","184","±93","5.8%","±2.9","114","±77","6.4%","±4.4","70","±49","5.0%","±3.5","4,836","±538","11.2%","±1.3","2,312","±378","10.4%","±1.7","2,524","±358","12.2%","±1.7","106","±68","3.2%","±2.1","53","±57","3.2%","±3.4","53","±30","3.2%","±1.9","3,438","±615","8.5%","±1.5","1,528","±345","7.4%","±1.7","1,910","±381","9.7%","±1.9","424","±156","8.5%","±3.1","287","±127","8.6%","±3.7","137","±74","8.3%","±4.4","285","±133","9.2%","±4.3","152","±95","9.3%","±6.2","133","±87","9.0%","±5.4","746","±186","11.1%","±2.7","354","±129","8.9%","±3.2","392","±126","14.2%","±4.4","4,616","±485","11.0%","±1.2","2,098","±368","9.6%","±1.7","2,518","±304","12.5%","±1.5"
"        Bachelor's degree","2,169","±454","12.4%","±2.5","1,034","±320","11.6%","±3.4","1,135","±293","13.2%","±3.4","7,930","±557","20.4%","±1.4","4,124","±425","21.1%","±2.2","3,806","±391","19.7%","±2.0","3,642","±510","10.5%","±1.5","1,802","±362","9.9%","±2.0","1,840","±308","11.2%","±1.9","133","±65","15.2%","±5.8","42","±33","8.8%","±6.6","91","±54","23.1%","±10.8","108","±60","9.7%","±6.0","60","±47","10.9%","±8.7","48","±48","8.6%","±9.2","1,751","±391","15.4%","±3.5","917","±286","15.3%","±4.8","834","±211","15.6%","±4.0","255","±113","6.6%","±2.9","93","±66","4.5%","±3.2","162","±89","9.1%","±5.0","292","±122","9.2%","±3.7","146","±83","8.2%","±4.8","146","±82","10.4%","±5.6","4,970","±609","11.5%","±1.4","2,360","±402","10.6%","±1.8","2,610","±441","12.6%","±2.1","414","±176","12.7%","±5.1","276","±141","16.9%","±7.7","138","±97","8.5%","±6.0","3,372","±534","8.4%","±1.3","2,026","±435","9.8%","±2.1","1,346","±283","6.8%","±1.4","291","±97","5.8%","±1.9","162","±74","4.8%","±2.2","129","±55","7.8%","±3.4","526","±132","16.9%","±4.4","287","±124","17.5%","±6.9","239","±79","16.2%","±5.7","664","±175","9.9%","±2.6","252","±98","6.4%","±2.5","412","±139","14.9%","±5.0","6,883","±570","16.4%","±1.3","3,452","±361","15.8%","±1.6","3,431","±403","17.0%","±2.0"
"        Graduate or professional degree","921","±217","5.3%","±1.2","493","±193","5.5%","±2.1","428","±149","5.0%","±1.7","4,240","±474","10.9%","±1.2","2,327","±353","11.9%","±1.8","1,913","±238","9.9%","±1.2","2,256","±339","6.5%","±1.0","1,017","±252","5.6%","±1.4","1,239","±245","7.5%","±1.5","79","±50","9.0%","±6.1","43","±33","9.0%","±7.3","36","±26","9.1%","±7.2","61","±76","5.5%","±6.6","26","±40","4.7%","±7.1","35","±39","6.3%","±6.8","609","±159","5.4%","±1.4","239","±100","4.0%","±1.7","370","±128","6.9%","±2.4","286","±148","7.4%","±3.7","88","±65","4.3%","±3.1","198","±142","11.1%","±7.8","197","±91","6.2%","±2.8","97","±69","5.4%","±3.7","100","±57","7.1%","±3.8","1,967","±352","4.6%","±0.8","1,146","±281","5.1%","±1.3","821","±179","4.0%","±0.9","64","±46","2.0%","±1.4","39","±27","2.4%","±1.6","25","±33","1.5%","±2.0","1,691","±393","4.2%","±1.0","760","±306","3.7%","±1.5","931","±279","4.7%","±1.4","213","±97","4.2%","±1.9","52","±46","1.5%","±1.4","161","±79","9.7%","±4.7","450","±158","14.5%","±5.0","263","±127","16.0%","±7.7","187","±82","12.7%","±5.6","231","±119","3.4%","±1.8","39","±33","1.0%","±0.8","192","±116","6.9%","±4.2","3,322","±400","7.9%","±0.9","1,735","±246","8.0%","±1.1","1,587","±266","7.9%","±1.3"
"        High school graduate or higher","16,148","±384","92.2%","±2.0","8,130","±314","90.9%","±2.8","8,018","±195","93.6%","±2.2","36,275","±352","93.4%","±0.9","18,176","±274","93.1%","±1.3","18,099","±264","93.7%","±1.3","30,829","±476","88.9%","±1.4","16,757","±289","92.0%","±1.3","14,072","±460","85.4%","±2.6","682","±197","78.1%","±12.2","305","±83","63.7%","±18.3","377","±147","95.7%","±5.2","1,058","±241","95.2%","±4.1","519","±117","94.2%","±7.3","539","±140","96.3%","±4.0","9,685","±301","85.4%","±2.4","5,056","±237","84.2%","±3.4","4,629","±202","86.8%","±3.0","3,478","±234","90.2%","±3.7","1,736","±185","83.9%","±6.9","1,742","±167","97.6%","±1.8","2,812","±245","88.2%","±4.3","1,538","±203","86.2%","±5.5","1,274","±186","90.9%","±5.4","37,615","±747","87.4%","±1.7","19,552","±495","87.6%","±2.1","18,063","±484","87.2%","±2.3","2,945","±220","90.3%","±3.7","1,411","±205","86.5%","±6.5","1,534","±145","94.0%","±3.3","35,004","±620","86.7%","±1.4","17,793","±398","86.0%","±1.8","17,211","±427","87.5%","±2.1","4,214","±230","84.1%","±3.4","2,757","±203","82.2%","±4.5","1,457","±97","87.9%","±4.9","2,877","±220","92.4%","±4.1","1,468","±225","89.5%","±7.3","1,409","±191","95.7%","±4.1","6,008","±193","89.3%","±2.3","3,398","±207","85.8%","±3.6","2,610","±163","94.4%","±2.6","37,184","±535","88.6%","±1.2","19,371","±357","88.9%","±1.5","17,813","±363","88.2%","±1.8"
"        Bachelor's degree or higher","3,090","±496","17.6%","±2.7","1,527","±363","17.1%","±3.9","1,563","±292","18.2%","±3.4","12,170","±722","31.3%","±1.9","6,451","±444","33.1%","±2.3","5,719","±422","29.6%","±2.2","5,898","±666","17.0%","±1.9","2,819","±436","15.5%","±2.4","3,079","±437","18.7%","±2.6","212","±85","24.3%","±8.4","85","±47","17.7%","±9.9","127","±61","32.2%","±13.3","169","±93","15.2%","±8.6","86","±60","15.6%","±10.7","83","±61","14.8%","±11.3","2,360","±392","20.8%","±3.5","1,156","±270","19.2%","±4.6","1,204","±237","22.6%","±4.4","541","±170","14.0%","±4.2","181","±88","8.7%","±4.2","360","±153","20.2%","±8.3","489","±159","15.3%","±4.8","243","±105","13.6%","±5.9","246","±100","17.5%","±6.5","6,937","±687","16.1%","±1.6","3,506","±493","15.7%","±2.2","3,431","±432","16.6%","±2.1","478","±180","14.6%","±5.2","315","±146","19.3%","±7.8","163","±99","10.0%","±6.2","5,063","±681","12.5%","±1.7","2,786","±566","13.5%","±2.7","2,277","±361","11.6%","±1.8","504","±155","10.1%","±3.1","214","±89","6.4%","±2.6","290","±99","17.5%","±5.9","976","±213","31.4%","±6.9","550","±181","33.5%","±10.0","426","±108","28.9%","±7.9","895","±206","13.3%","±3.1","291","±110","7.3%","±2.8","604","±172","21.8%","±6.3","10,205","±573","24.3%","±1.3","5,187","±405","23.8%","±1.8","5,018","±391","24.9%","±1.9"
"    Population 25 to 34 years","3,330","±336","(X)","(X)","1,838","±280","(X)","(X)","1,492","±143","(X)","(X)","4,562","±129","(X)","(X)","2,428","±87","(X)","(X)","2,134","±85","(X)","(X)","7,914","±158","(X)","(X)","4,166","±75","(X)","(X)","3,748","±129","(X)","(X)","76","±43","(X)","(X)","32","±27","(X)","(X)","44","±32","(X)","(X)","101","±63","(X)","(X)","55","±37","(X)","(X)","46","±34","(X)","(X)","2,292","±148","(X)","(X)","1,268","±112","(X)","(X)","1,024","±84","(X)","(X)","702","±187","(X)","(X)","409","±133","(X)","(X)","293","±99","(X)","(X)","525","±118","(X)","(X)","283","±79","(X)","(X)","242","±82","(X)","(X)","7,612","±137","(X)","(X)","4,097","±81","(X)","(X)","3,515","±99","(X)","(X)","551","±184","(X)","(X)","238","±118","(X)","(X)","313","±105","(X)","(X)","5,175","±499","(X)","(X)","2,868","±355","(X)","(X)","2,307","±256","(X)","(X)","1,037","±162","(X)","(X)","668","±141","(X)","(X)","369","±82","(X)","(X)","356","±134","(X)","(X)","250","±128","(X)","(X)","106","±60","(X)","(X)","1,214","±162","(X)","(X)","825","±131","(X)","(X)","389","±96","(X)","(X)","7,560","±184","(X)","(X)","4,196","±152","(X)","(X)","3,364","±89","(X)","(X)"
"        High school graduate or higher","3,033","±300","91.1%","±4.2","1,618","±269","88.0%","±6.8","1,415","±119","94.8%","±5.4","4,211","±168","92.3%","±2.9","2,185","±139","90.0%","±5.2","2,026","±119","94.9%","±3.5","7,206","±287","91.1%","±2.9","3,952","±144","94.9%","±2.7","3,254","±241","86.8%","±5.6","64","±38","84.2%","±23.5","31","±27","96.9%","±8.9","33","±24","75.0%","±33.6","101","±63","100.0%","±32.9","55","±37","100.0%","±45.7","46","±34","100.0%","±50.0","2,080","±153","90.8%","±3.7","1,138","±128","89.7%","±5.6","942","±72","92.0%","±6.0","618","±186","88.0%","±7.2","330","±130","80.7%","±11.7","288","±100","98.3%","±3.1","441","±120","84.0%","±9.4","209","±75","73.9%","±15.2","232","±81","95.9%","±7.2","6,900","±281","90.6%","±3.4","3,729","±199","91.0%","±4.4","3,171","±189","90.2%","±4.5","508","±182","92.2%","±5.1","226","±115","95.0%","±6.0","282","±101","90.1%","±8.1","4,325","±525","83.6%","±5.4","2,331","±375","81.3%","±7.2","1,994","±269","86.4%","±6.3","870","±157","83.9%","±6.8","515","±129","77.1%","±9.9","355","±82","96.2%","±5.4","314","±121","88.2%","±12.9","208","±110","83.2%","±17.6","106","±60","100.0%","±31.8","1,033","±176","85.1%","±6.4","666","±150","80.7%","±9.7","367","±95","94.3%","±6.9","6,619","±314","87.6%","±3.8","3,602","±211","85.8%","±4.1","3,017","±185","89.7%","±4.9"
"        Bachelor's degree or higher","687","±283","20.6%","±7.4","304","±230","16.5%","±10.5","383","±183","25.7%","±11.7","1,334","±271","29.2%","±6.1","534","±201","22.0%","±8.4","800","±162","37.5%","±7.5","1,159","±273","14.6%","±3.4","462","±148","11.1%","±3.6","697","±191","18.6%","±5.0","15","±23","19.7%","±28.2","15","±23","46.9%","±49.5","0","±14","0.0%","±51.1","19","±18","18.8%","±19.6","3","±5","5.5%","±9.3","16","±17","34.8%","±37.2","442","±152","19.3%","±6.7","167","±92","13.2%","±7.5","275","±106","26.9%","±9.7","92","±58","13.1%","±8.3","29","±34","7.1%","±8.1","63","±52","21.5%","±18.1","55","±84","10.5%","±17.1","21","±35","7.4%","±13.0","34","±52","14.0%","±23.7","1,068","±294","14.0%","±3.8","553","±233","13.5%","±5.7","515","±140","14.7%","±4.0","107","±99","19.4%","±16.1","70","±69","29.4%","±22.8","37","±40","11.8%","±13.7","485","±179","9.4%","±3.4","171","±126","6.0%","±4.2","314","±132","13.6%","±5.8","99","±79","9.5%","±7.3","48","±46","7.2%","±6.4","51","±43","13.8%","±11.4","12","±18","3.4%","±5.1","0","±14","0.0%","±15.6","12","±18","11.3%","±16.0","117","±79","9.6%","±6.4","36","±36","4.4%","±4.6","81","±61","20.8%","±13.8","1,652","±290","21.9%","±3.8","718","±201","17.1%","±4.6","934","±190","27.8%","±5.8"
"    Population 35 to 44 years","2,871","±197","(X)","(X)","1,491","±135","(X)","(X)","1,380","±116","(X)","(X)","5,017","±176","(X)","(X)","2,640","±117","(X)","(X)","2,377","±115","(X)","(X)","7,249","±166","(X)","(X)","3,963","±155","(X)","(X)","3,286","±48","(X)","(X)","112","±60","(X)","(X)","46","±33","(X)","(X)","66","±45","(X)","(X)","150","±91","(X)","(X)","78","±55","(X)","(X)","72","±52","(X)","(X)","2,045","±218","(X)","(X)","1,094","±151","(X)","(X)","951","±104","(X)","(X)","754","±208","(X)","(X)","466","±146","(X)","(X)","288","±145","(X)","(X)","575","±161","(X)","(X)","390","±119","(X)","(X)","185","±81","(X)","(X)","7,342","±162","(X)","(X)","3,899","±104","(X)","(X)","3,443","±109","(X)","(X)","606","±180","(X)","(X)","317","±132","(X)","(X)","289","±109","(X)","(X)","4,849","±343","(X)","(X)","2,572","±237","(X)","(X)","2,277","±218","(X)","(X)","1,064","±134","(X)","(X)","816","±115","(X)","(X)","248","±83","(X)","(X)","259","±118","(X)","(X)","135","±72","(X)","(X)","124","±59","(X)","(X)","1,494","±129","(X)","(X)","778","±69","(X)","(X)","716","±119","(X)","(X)","7,029","±176","(X)","(X)","3,920","±140","(X)","(X)","3,109","±102","(X)","(X)"
"        High school graduate or higher","2,558","±220","89.1%","±4.5","1,283","±141","86.0%","±6.2","1,275","±139","92.4%","±4.7","4,462","±253","88.9%","±4.0","2,285","±159","86.6%","±4.6","2,177","±139","91.6%","±4.8","6,375","±328","87.9%","±4.2","3,710","±176","93.6%","±3.1","2,665","±303","81.1%","±9.0","102","±54","91.1%","±14.0","36","±29","78.3%","±33.8","66","±45","100.0%","±41.7","123","±65","82.0%","±19.0","51","±43","65.4%","±42.7","72","±52","100.0%","±40.0","1,800","±178","88.0%","±6.2","934","±105","85.4%","±9.1","866","±99","91.1%","±6.0","722","±198","95.8%","±6.8","434","±152","93.1%","±11.7","288","±145","100.0%","±13.7","506","±157","88.0%","±9.5","339","±113","86.9%","±11.4","167","±79","90.3%","±15.5","6,419","±321","87.4%","±4.0","3,358","±259","86.1%","±6.2","3,061","±188","88.9%","±4.8","538","±173","88.8%","±7.7","283","±138","89.3%","±11.0","255","±103","88.2%","±13.7","4,293","±399","88.5%","±4.2","2,215","±273","86.1%","±6.5","2,078","±225","91.3%","±4.4","794","±109","74.6%","±8.7","603","±117","73.9%","±12.3","191","±76","77.0%","±18.6","247","±117","95.4%","±7.5","135","±72","100.0%","±26.5","112","±58","90.3%","±15.1","1,380","±127","92.4%","±4.6","674","±74","86.6%","±8.3","706","±121","98.6%","±2.2","6,014","±290","85.6%","±3.6","3,395","±222","86.6%","±4.5","2,619","±156","84.2%","±5.0"
"        Bachelor's degree or higher","412","±153","14.4%","±5.3","199","±122","13.3%","±8.2","213","±88","15.4%","±6.1","1,615","±272","32.2%","±5.3","810","±203","30.7%","±7.2","805","±168","33.9%","±7.2","1,369","±322","18.9%","±4.3","737","±244","18.6%","±6.1","632","±197","19.2%","±5.9","37","±36","33.0%","±23.7","6","±10","13.0%","±23.2","31","±32","47.0%","±33.7","73","±55","48.7%","±19.5","32","±37","41.0%","±42.8","41","±49","56.9%","±43.7","511","±208","25.0%","±10.5","187","±110","17.1%","±10.4","324","±124","34.1%","±13.6","193","±129","25.6%","±13.9","17","±27","3.6%","±6.0","176","±138","61.1%","±24.9","78","±61","13.6%","±9.8","47","±46","12.1%","±11.1","31","±29","16.8%","±14.3","1,145","±310","15.6%","±4.3","574","±257","14.7%","±6.6","571","±199","16.6%","±5.7","90","±97","14.9%","±14.5","68","±93","21.5%","±25.8","22","±35","7.6%","±12.0","257","±100","5.3%","±2.1","61","±41","2.4%","±1.6","196","±98","8.6%","±4.4","59","±40","5.5%","±3.7","21","±27","2.6%","±3.3","38","±34","15.3%","±12.6","132","±69","51.0%","±14.5","31","±33","23.0%","±22.5","101","±56","81.5%","±16.7","361","±143","24.2%","±10.0","131","±75","16.8%","±10.1","230","±123","32.1%","±18.2","1,580","±287","22.5%","±4.1","648","±185","16.5%","±4.6","932","±181","30.0%","±5.9"
"    Population 45 to 64 years","6,374","±296","(X)","(X)","3,288","±221","(X)","(X)","3,086","±154","(X)","(X)","14,294","±168","(X)","(X)","7,054","±92","(X)","(X)","7,240","±143","(X)","(X)","12,961","±232","(X)","(X)","6,781","±211","(X)","(X)","6,180","±89","(X)","(X)","428","±161","(X)","(X)","247","±117","(X)","(X)","181","±103","(X)","(X)","454","±186","(X)","(X)","209","±88","(X)","(X)","245","±114","(X)","(X)","4,351","±256","(X)","(X)","2,237","±158","(X)","(X)","2,114","±147","(X)","(X)","1,595","±294","(X)","(X)","800","±178","(X)","(X)","795","±168","(X)","(X)","1,341","±252","(X)","(X)","745","±152","(X)","(X)","596","±178","(X)","(X)","15,496","±159","(X)","(X)","8,053","±111","(X)","(X)","7,443","±101","(X)","(X)","790","±217","(X)","(X)","473","±152","(X)","(X)","317","±133","(X)","(X)","14,547","±559","(X)","(X)","7,303","±357","(X)","(X)","7,244","±332","(X)","(X)","1,834","±145","(X)","(X)","1,249","±132","(X)","(X)","585","±64","(X)","(X)","972","±177","(X)","(X)","487","±129","(X)","(X)","485","±134","(X)","(X)","2,288","±109","(X)","(X)","1,390","±115","(X)","(X)","898","±62","(X)","(X)","15,395","±184","(X)","(X)","8,156","±153","(X)","(X)","7,239","±125","(X)","(X)"
"        High school graduate or higher","6,042","±318","94.8%","±2.0","3,114","±231","94.7%","±3.2","2,928","±171","94.9%","±2.2","13,305","±283","93.1%","±1.5","6,584","±188","93.3%","±2.3","6,721","±217","92.8%","±2.2","11,699","±330","90.3%","±1.9","6,288","±274","92.7%","±2.6","5,411","±174","87.6%","±2.8","288","±113","67.3%","±21.1","107","±40","43.3%","±26.5","181","±103","100.0%","±20.7","442","±185","97.4%","±3.0","204","±86","97.6%","±3.7","238","±114","97.1%","±4.5","3,581","±219","82.3%","±3.6","1,809","±139","80.9%","±5.6","1,772","±155","83.8%","±3.9","1,429","±273","89.6%","±6.1","641","±172","80.1%","±12.2","788","±168","99.1%","±1.6","1,235","±228","92.1%","±6.0","683","±140","91.7%","±8.4","552","±163","92.6%","±8.3","13,155","±433","84.9%","±2.6","6,794","±309","84.4%","±3.4","6,361","±259","85.5%","±3.3","670","±192","84.8%","±9.6","355","±126","75.1%","±15.1","315","±133","99.4%","±1.9","12,604","±573","86.6%","±2.4","6,355","±434","87.0%","±3.5","6,249","±327","86.3%","±4.4","1,591","±145","86.8%","±4.4","1,065","±119","85.3%","±4.8","526","±70","89.9%","±7.7","941","±182","96.8%","±2.7","460","±137","94.5%","±5.6","481","±133","99.2%","±1.3","2,019","±110","88.2%","±3.9","1,182","±107","85.0%","±5.8","837","±67","93.2%","±4.9","13,683","±307","88.9%","±1.7","7,302","±224","89.5%","±2.1","6,381","±234","88.1%","±2.8"
"        Bachelor's degree or higher","929","±236","14.6%","±3.7","462","±176","14.1%","±5.3","467","±149","15.1%","±4.8","4,069","±400","28.5%","±2.8","2,047","±245","29.0%","±3.4","2,022","±251","27.9%","±3.4","2,248","±400","17.3%","±3.0","1,058","±246","15.6%","±3.4","1,190","±260","19.3%","±4.2","71","±56","16.6%","±13.5","23","±28","9.3%","±13.2","48","±40","26.5%","±21.2","25","±35","5.5%","±7.2","25","±35","12.0%","±15.7","0","±14","0.0%","±15.9","827","±261","19.0%","±5.8","498","±226","22.3%","±9.7","329","±119","15.6%","±5.8","125","±85","7.8%","±5.4","62","±51","7.8%","±6.4","63","±57","7.9%","±7.1","253","±108","18.9%","±7.9","127","±86","17.0%","±11.8","126","±65","21.1%","±10.4","2,200","±364","14.2%","±2.3","1,069","±256","13.3%","±3.2","1,131","±212","15.2%","±2.8","61","±51","7.7%","±6.5","52","±49","11.0%","±10.5","9","±11","2.8%","±3.7","1,613","±399","11.1%","±2.6","886","±331","12.1%","±4.4","727","±220","10.0%","±3.1","181","±84","9.9%","±4.7","56","±37","4.5%","±3.2","125","±68","21.4%","±11.6","260","±97","26.7%","±9.3","129","±60","26.5%","±11.5","131","±62","27.0%","±12.1","299","±107","13.1%","±4.7","68","±58","4.9%","±4.2","231","±91","25.7%","±10.3","3,873","±391","25.2%","±2.5","1,929","±253","23.7%","±3.0","1,944","±258","26.9%","±3.5"
"    Population 65 years and over","4,941","±180","(X)","(X)","2,331","±109","(X)","(X)","2,610","±131","(X)","(X)","14,970","±70","(X)","(X)","7,395","±42","(X)","(X)","7,575","±55","(X)","(X)","6,554","±66","(X)","(X)","3,299","±63","(X)","(X)","3,255","±41","(X)","(X)","257","±82","(X)","(X)","154","±58","(X)","(X)","103","±39","(X)","(X)","406","±165","(X)","(X)","209","±86","(X)","(X)","197","±93","(X)","(X)","2,651","±130","(X)","(X)","1,408","±121","(X)","(X)","1,243","±29","(X)","(X)","803","±227","(X)","(X)","394","±137","(X)","(X)","409","±145","(X)","(X)","746","±219","(X)","(X)","367","±135","(X)","(X)","379","±125","(X)","(X)","12,604","±113","(X)","(X)","6,279","±73","(X)","(X)","6,325","±66","(X)","(X)","1,316","±252","(X)","(X)","603","±139","(X)","(X)","713","±162","(X)","(X)","15,809","±188","(X)","(X)","7,958","±98","(X)","(X)","7,851","±134","(X)","(X)","1,078","±66","(X)","(X)","623","±62","(X)","(X)","455","±35","(X)","(X)","1,526","±293","(X)","(X)","768","±184","(X)","(X)","758","±178","(X)","(X)","1,731","±78","(X)","(X)","969","±97","(X)","(X)","762","±45","(X)","(X)","12,003","±125","(X)","(X)","5,526","±84","(X)","(X)","6,477","±85","(X)","(X)"
"        High school graduate or higher","4,515","±160","91.4%","±3.5","2,115","±120","90.7%","±5.3","2,400","±133","92.0%","±4.2","14,297","±203","95.5%","±1.3","7,122","±100","96.3%","±1.2","7,175","±175","94.7%","±2.2","5,549","±294","84.7%","±4.4","2,807","±178","85.1%","±5.0","2,742","±178","84.2%","±5.4","228","±74","88.7%","±10.2","131","±47","85.1%","±14.6","97","±38","94.2%","±9.7","392","±163","96.6%","±5.1","209","±86","100.0%","±18.3","183","±90","92.9%","±10.6","2,224","±163","83.9%","±6.1","1,175","±124","83.5%","±7.3","1,049","±111","84.4%","±8.7","709","±216","88.3%","±10.0","331","±123","84.0%","±18.4","378","±141","92.4%","±7.3","630","±188","84.5%","±12.6","307","±127","83.7%","±15.6","323","±107","85.2%","±12.7","11,141","±378","88.4%","±2.8","5,671","±191","90.3%","±2.8","5,470","±274","86.5%","±4.2","1,229","±252","93.4%","±4.9","547","±137","90.7%","±9.7","682","±165","95.7%","±3.2","13,782","±336","87.2%","±2.1","6,892","±229","86.6%","±2.8","6,890","±215","87.8%","±2.7","959","±88","89.0%","±5.1","574","±71","92.1%","±7.0","385","±50","84.6%","±8.6","1,375","±281","90.1%","±6.8","665","±191","86.6%","±13.5","710","±181","93.7%","±6.1","1,576","±83","91.0%","±4.1","876","±81","90.4%","±5.2","700","±64","91.9%","±6.6","10,868","±199","90.5%","±1.6","5,072","±135","91.8%","±1.9","5,796","±146","89.5%","±2.5"
"        Bachelor's degree or higher","1,062","±281","21.5%","±5.7","562","±179","24.1%","±7.7","500","±155","19.2%","±6.0","5,152","±447","34.4%","±3.0","3,060","±285","41.4%","±3.8","2,092","±275","27.6%","±3.6","1,122","±208","17.1%","±3.2","562","±140","17.0%","±4.3","560","±142","17.2%","±4.4","89","±44","34.6%","±16.3","41","±26","26.6%","±15.8","48","±25","46.6%","±20.9","52","±72","12.8%","±16.4","26","±40","12.4%","±18.2","26","±33","13.2%","±15.7","580","±170","21.9%","±6.3","304","±110","21.6%","±7.7","276","±114","22.2%","±9.0","131","±83","16.3%","±9.2","73","±65","18.5%","±14.7","58","±50","14.2%","±10.9","103","±58","13.8%","±7.1","48","±38","13.1%","±8.6","55","±41","14.5%","±10.3","2,524","±352","20.0%","±2.8","1,310","±222","20.9%","±3.5","1,214","±253","19.2%","±4.0","220","±115","16.7%","±7.2","125","±83","20.7%","±12.4","95","±89","13.3%","±10.8","2,708","±465","17.1%","±3.0","1,668","±388","21.0%","±4.9","1,040","±231","13.2%","±3.0","165","±94","15.3%","±8.8","89","±71","14.3%","±11.6","76","±51","16.7%","±10.8","572","±214","37.5%","±11.1","390","±171","50.8%","±15.2","182","±87","24.0%","±10.6","118","±74","6.8%","±4.3","56","±46","5.8%","±4.9","62","±42","8.1%","±5.5","3,100","±273","25.8%","±2.3","1,892","±216","34.2%","±4.0","1,208","±179","18.7%","±2.8"
"RACE AND HISPANIC OR LATINO ORIGIN BY EDUCATIONAL ATTAINMENT","","","","","","","","","","","","","","","","","","","","","","","","","","","","","","","","","","","","","","","","","","","","","","","","","","","","","","","","","","","","","","","","","","","","","","","","","","","","","","","","","","","","","","","","","","","","","","","","","","","","","","","","","","","","","","","","","","","","","","","","","","","","","","","","","","","","","","","","","","","","","","","","","","","","","","","","","","","","","","","","","","","","","","","","","","","","","","","","","","","",""
"    White alone","14,001","±240","(X)","(X)","7,227","±174","(X)","(X)","6,774","±114","(X)","(X)","33,534","±371","(X)","(X)","16,849","±202","(X)","(X)","16,685","±251","(X)","(X)","25,621","±552","(X)","(X)","13,280","±344","(X)","(X)","12,341","±312","(X)","(X)","774","±221","(X)","(X)","428","±137","(X)","(X)","346","±139","(X)","(X)","984","±200","(X)","(X)","545","±104","(X)","(X)","439","±115","(X)","(X)","8,679","±249","(X)","(X)","4,540","±159","(X)","(X)","4,139","±138","(X)","(X)","3,398","±275","(X)","(X)","1,852","±210","(X)","(X)","1,546","±163","(X)","(X)","2,812","±248","(X)","(X)","1,491","±203","(X)","(X)","1,321","±175","(X)","(X)","35,060","±416","(X)","(X)","18,154","±277","(X)","(X)","16,906","±229","(X)","(X)","2,231","±277","(X)","(X)","1,097","±204","(X)","(X)","1,134","±182","(X)","(X)","32,223","±534","(X)","(X)","16,516","±312","(X)","(X)","15,707","±338","(X)","(X)","3,776","±162","(X)","(X)","2,449","±121","(X)","(X)","1,327","±80","(X)","(X)","2,838","±238","(X)","(X)","1,480","±213","(X)","(X)","1,358","±200","(X)","(X)","5,412","±225","(X)","(X)","3,009","±169","(X)","(X)","2,403","±164","(X)","(X)","32,552","±528","(X)","(X)","16,458","±291","(X)","(X)","16,094","±319","(X)","(X)"
"        High school graduate or higher","13,088","±346","93.5%","±2.2","6,663","±256","92.2%","±3.0","6,425","±159","94.8%","±2.0","31,716","±474","94.6%","±1.1","15,841","±309","94.0%","±1.6","15,875","±320","95.1%","±1.3","23,707","±665","92.5%","±1.6","12,567","±345","94.6%","±1.4","11,140","±458","90.3%","±2.7","605","±184","78.2%","±13.4","276","±83","64.5%","±19.8","329","±134","95.1%","±5.9","932","±208","94.7%","±4.6","514","±116","94.3%","±7.4","418","±112","95.2%","±4.9","7,848","±253","90.4%","±2.5","4,094","±164","90.2%","±3.2","3,754","±164","90.7%","±3.4","3,116","±242","91.7%","±4.0","1,592","±204","86.0%","±7.4","1,524","±166","98.6%","±1.9","2,588","±258","92.0%","±4.4","1,340","±207","89.9%","±5.8","1,248","±179","94.5%","±4.7","31,433","±618","89.7%","±1.6","16,288","±424","89.7%","±1.9","15,145","±389","89.6%","±2.2","2,049","±269","91.8%","±4.5","969","±202","88.3%","±7.9","1,080","±180","95.2%","±3.8","28,526","±594","88.5%","±1.6","14,553","±367","88.1%","±1.9","13,973","±436","89.0%","±2.2","3,246","±190","86.0%","±4.1","2,087","±166","85.2%","±5.6","1,159","±91","87.3%","±5.8","2,615","±246","92.1%","±4.5","1,309","±212","88.4%","±8.1","1,306","±197","96.2%","±4.2","5,006","±229","92.5%","±2.7","2,710","±160","90.1%","±4.2","2,296","±172","95.5%","±2.9","30,250","±477","92.9%","±1.0","15,293","±275","92.9%","±1.3","14,957","±323","92.9%","±1.4"
"        Bachelor's degree or higher","2,498","±425","17.8%","±3.0","1,238","±273","17.1%","±3.7","1,260","±271","18.6%","±3.9","10,733","±623","32.0%","±1.9","5,792","±431","34.4%","±2.6","4,941","±346","29.6%","±2.2","5,012","±579","19.6%","±2.2","2,366","±379","17.8%","±2.8","2,646","±385","21.4%","±3.2","186","±77","24.0%","±8.6","85","±47","19.9%","±11.2","101","±48","29.2%","±13.1","160","±90","16.3%","±9.1","86","±60","15.8%","±10.8","74","±56","16.9%","±13.0","2,044","±401","23.6%","±4.6","1,011","±298","22.3%","±6.5","1,033","±205","25.0%","±5.1","470","±146","13.8%","±4.1","175","±87","9.4%","±4.6","295","±128","19.1%","±8.1","480","±156","17.1%","±5.2","243","±105","16.3%","±7.1","237","±98","17.9%","±6.8","5,815","±612","16.6%","±1.7","3,009","±434","16.6%","±2.3","2,806","±384","16.6%","±2.3","322","±148","14.4%","±6.2","184","±133","16.8%","±10.8","138","±99","12.2%","±8.6","4,204","±597","13.0%","±1.8","2,506","±495","15.2%","±3.0","1,698","±327","10.8%","±2.1","428","±149","11.3%","±4.0","192","±92","7.8%","±3.8","236","±88","17.8%","±6.7","896","±217","31.6%","±7.5","517","±183","34.9%","±10.9","379","±111","27.9%","±8.6","753","±156","13.9%","±3.0","249","±96","8.3%","±3.3","504","±128","21.0%","±5.8","8,732","±509","26.8%","±1.5","4,294","±349","26.1%","±2.1","4,438","±345","27.6%","±2.0"
"    White alone, not Hispanic or Latino","13,342","±108","(X)","(X)","6,809","±105","(X)","(X)","6,533","±38","(X)","(X)","31,873","±309","(X)","(X)","16,021","±132","(X)","(X)","15,852","±202","(X)","(X)","23,755","±306","(X)","(X)","12,364","±200","(X)","(X)","11,391","±150","(X)","(X)","585","±186","(X)","(X)","269","±85","(X)","(X)","316","±135","(X)","(X)","941","±186","(X)","(X)","516","±93","(X)","(X)","425","±111","(X)","(X)","7,832","±37","(X)","(X)","4,133","±28","(X)","(X)","3,699","±18","(X)","(X)","2,807","±292","(X)","(X)","1,596","±204","(X)","(X)","1,211","±159","(X)","(X)","2,801","±239","(X)","(X)","1,480","±194","(X)","(X)","1,321","±175","(X)","(X)","32,961","±184","(X)","(X)","16,900","±86","(X)","(X)","16,061","±123","(X)","(X)","2,043","±254","(X)","(X)","952","±169","(X)","(X)","1,091","±185","(X)","(X)","30,333","±392","(X)","(X)","15,469","±195","(X)","(X)","14,864","±250","(X)","(X)","3,397","±117","(X)","(X)","2,169","±83","(X)","(X)","1,228","±54","(X)","(X)","2,804","±235","(X)","(X)","1,480","±213","(X)","(X)","1,324","±189","(X)","(X)","4,877","±123","(X)","(X)","2,745","±96","(X)","(X)","2,132","±84","(X)","(X)","29,628","±261","(X)","(X)","15,051","±140","(X)","(X)","14,577","±194","(X)","(X)"
"        High school graduate or higher","12,576","±266","94.3%","±1.9","6,349","±207","93.2%","±2.8","6,227","±121","95.3%","±1.8","30,479","±407","95.6%","±0.9","15,258","±240","95.2%","±1.3","15,221","±287","96.0%","±1.2","22,173","±489","93.3%","±1.7","11,864","±251","96.0%","±1.4","10,309","±355","90.5%","±2.9","547","±183","93.5%","±5.2","237","±78","88.1%","±9.8","310","±134","98.1%","±3.6","903","±198","96.0%","±4.5","485","±107","94.0%","±7.9","418","±112","98.4%","±2.5","7,361","±148","94.0%","±1.8","3,883","±111","94.0%","±2.6","3,478","±108","94.0%","±2.8","2,525","±277","90.0%","±4.9","1,336","±201","83.7%","±8.5","1,189","±157","98.2%","±2.3","2,577","±250","92.0%","±4.5","1,329","±199","89.8%","±5.9","1,248","±179","94.5%","±4.7","29,936","±514","90.8%","±1.6","15,352","±301","90.8%","±1.9","14,584","±343","90.8%","±2.2","1,916","±247","93.8%","±3.8","867","±163","91.1%","±6.9","1,049","±186","96.2%","±3.4","27,105","±500","89.4%","±1.5","13,755","±319","88.9%","±1.9","13,350","±387","89.8%","±2.2","3,039","±164","89.5%","±3.9","1,952","±152","90.0%","±5.9","1,087","±86","88.5%","±5.6","2,581","±238","92.0%","±4.5","1,309","±212","88.4%","±8.1","1,272","±187","96.1%","±4.3","4,551","±183","93.3%","±2.8","2,526","±161","92.0%","±4.1","2,025","±100","95.0%","±3.2","28,301","±305","95.5%","±0.7","14,284","±207","94.9%","±1.2","14,017","±218","96.2%","±0.9"
"        Bachelor's degree or higher","2,403","±408","18.0%","±3.1","1,191","±261","17.5%","±3.8","1,212","±268","18.6%","±4.1","10,532","±606","33.0%","±2.0","5,700","±419","35.6%","±2.6","4,832","±335","30.5%","±2.2","4,910","±578","20.7%","±2.4","2,324","±374","18.8%","±3.0","2,586","±386","22.7%","±3.4","169","±68","28.9%","±8.5","68","±41","25.3%","±12.7","101","±48","32.0%","±15.3","160","±90","17.0%","±9.6","86","±60","16.7%","±11.5","74","±56","17.4%","±13.5","1,959","±404","25.0%","±5.1","978","±298","23.7%","±7.2","981","±204","26.5%","±5.5","391","±132","13.9%","±4.5","175","±87","11.0%","±5.2","216","±93","17.8%","±7.4","480","±156","17.1%","±5.2","243","±105","16.4%","±7.1","237","±98","17.9%","±6.8","5,559","±571","16.9%","±1.7","2,820","±391","16.7%","±2.3","2,739","±382","17.1%","±2.4","226","±103","11.1%","±4.8","88","±61","9.2%","±6.1","138","±99","12.6%","±8.9","3,968","±551","13.1%","±1.8","2,270","±457","14.7%","±3.0","1,698","±327","11.4%","±2.2","388","±144","11.4%","±4.2","185","±91","8.5%","±4.1","203","±88","16.5%","±7.2","896","±217","32.0%","±7.5","517","±183","34.9%","±10.9","379","±111","28.6%","±8.6","753","±156","15.4%","±3.2","249","±96","9.1%","±3.5","504","±128","23.6%","±6.0","8,494","±473","28.7%","±1.6","4,196","±334","27.9%","±2.2","4,298","±326","29.5%","±2.2"
"    Black alone","406","±217","(X)","(X)","322","±214","(X)","(X)","84","±82","(X)","(X)","196","±80","(X)","(X)","104","±87","(X)","(X)","92","±62","(X)","(X)","276","±117","(X)","(X)","255","±135","(X)","(X)","21","±85","(X)","(X)","2","±4","(X)","(X)","2","±4","(X)","(X)","0","±14","(X)","(X)","1","±2","(X)","(X)","1","±2","(X)","(X)","0","±14","(X)","(X)","123","±75","(X)","(X)","95","±64","(X)","(X)","28","±41","(X)","(X)","86","±113","(X)","(X)","86","±113","(X)","(X)","0","±19","(X)","(X)","123","±66","(X)","(X)","113","±65","(X)","(X)","10","±17","(X)","(X)","365","±92","(X)","(X)","228","±100","(X)","(X)","137","±87","(X)","(X)","158","±77","(X)","(X)","139","±73","(X)","(X)","19","±22","(X)","(X)","1,022","±271","(X)","(X)","625","±207","(X)","(X)","397","±131","(X)","(X)","236","±83","(X)","(X)","230","±79","(X)","(X)","6","±13","(X)","(X)","14","±20","(X)","(X)","2","±4","(X)","(X)","12","±20","(X)","(X)","535","±119","(X)","(X)","524","±120","(X)","(X)","11","±17","(X)","(X)","876","±155","(X)","(X)","679","±153","(X)","(X)","197","±82","(X)","(X)"
"        High school graduate or higher","325","±215","80.0%","±22.5","293","±215","91.0%","±22.1","32","±41","38.1%","±54.0","183","±81","93.4%","±5.2","91","±88","87.5%","±15.3","92","±62","100.0%","±35.0","276","±117","100.0%","±14.2","255","±135","100.0%","±15.3","21","±85","100.0%","±74.0","2","±4","100.0%","±100.0","2","±4","100.0%","±100.0","0","±14","-","**","0","±14","0.0%","±100.0","0","±14","0.0%","±100.0","0","±14","-","**","64","±42","52.0%","±34.5","41","±24","43.2%","±34.9","23","±35","82.1%","±48.8","86","±113","100.0%","±36.4","86","±113","100.0%","±36.4","0","±19","-","**","67","±52","54.5%","±26.7","67","±52","59.3%","±27.5","0","±14","0.0%","±100.0","334","±85","91.5%","±10.3","197","±84","86.4%","±14.8","137","±87","100.0%","±26.2","139","±71","88.0%","±11.6","133","±71","95.7%","±8.3","6","±8","31.6%","±25.1","927","±265","90.7%","±7.6","545","±202","87.2%","±11.9","382","±132","96.2%","±6.5","150","±59","63.6%","±17.7","150","±59","65.2%","±17.1","0","±19","0.0%","±100.0","2","±4","14.3%","±42.7","2","±4","100.0%","±100.0","0","±14","0.0%","±97.9","391","±111","73.1%","±12.7","380","±112","72.5%","±13.1","11","±17","100.0%","±100.0","619","±123","70.7%","±11.4","501","±145","73.8%","±11.7","118","±69","59.9%","±36.0"
"        Bachelor's degree or higher","175","±223","43.1%","±39.8","163","±222","50.6%","±47.3","12","±20","14.3%","±24.6","46","±57","23.5%","±26.5","34","±54","32.7%","±40.0","12","±18","13.0%","±20.9","176","±130","63.8%","±36.9","156","±133","61.2%","±32.4","20","±31","95.2%","±95.2","0","±14","0.0%","±100.0","0","±14","0.0%","±100.0","0","±14","-","**","0","±14","0.0%","±100.0","0","±14","0.0%","±100.0","0","±14","-","**","24","±37","19.5%","±27.2","2","±7","2.1%","±7.0","22","±35","78.6%","±50.5","0","±19","0.0%","±36.4","0","±19","0.0%","±36.4","0","±19","-","**","0","±14","0.0%","±28.5","0","±14","0.0%","±30.4","0","±14","0.0%","±100.0","23","±35","6.3%","±8.7","23","±35","10.1%","±13.4","0","±32","0.0%","±26.2","74","±73","46.8%","±37.7","74","±73","53.2%","±40.8","0","±14","0.0%","±77.8","224","±128","21.9%","±11.9","85","±78","13.6%","±12.5","139","±89","35.0%","±21.0","0","±19","0.0%","±16.4","0","±19","0.0%","±16.8","0","±19","0.0%","±100.0","0","±14","0.0%","±90.6","0","±14","0.0%","±100.0","0","±14","0.0%","±97.9","0","±19","0.0%","±7.6","0","±19","0.0%","±7.8","0","±19","0.0%","±100.0","111","±59","12.7%","±6.1","41","±51","6.0%","±7.1","70","±39","35.5%","±17.1"
"    American Indian or Alaska Native alone","768","±117","(X)","(X)","311","±92","(X)","(X)","457","±110","(X)","(X)","520","±102","(X)","(X)","240","±65","(X)","(X)","280","±65","(X)","(X)","1,886","±209","(X)","(X)","899","±85","(X)","(X)","987","±181","(X)","(X)","13","±14","(X)","(X)","13","±14","(X)","(X)","0","±14","(X)","(X)","85","±78","(X)","(X)","5","±10","(X)","(X)","80","±76","(X)","(X)","383","±58","(X)","(X)","148","±51","(X)","(X)","235","±36","(X)","(X)","217","±87","(X)","(X)","70","±50","(X)","(X)","147","±74","(X)","(X)","138","±113","(X)","(X)","76","±68","(X)","(X)","62","±58","(X)","(X)","1,034","±163","(X)","(X)","584","±113","(X)","(X)","450","±98","(X)","(X)","609","±137","(X)","(X)","277","±87","(X)","(X)","332","±104","(X)","(X)","556","±148","(X)","(X)","347","±104","(X)","(X)","209","±87","(X)","(X)","146","±72","(X)","(X)","84","±53","(X)","(X)","62","±36","(X)","(X)","4","±8","(X)","(X)","1","±4","(X)","(X)","3","±6","(X)","(X)","275","±125","(X)","(X)","134","±89","(X)","(X)","141","±72","(X)","(X)","918","±164","(X)","(X)","449","±106","(X)","(X)","469","±90","(X)","(X)"
"        High school graduate or higher","706","±126","91.9%","±4.6","283","±89","91.0%","±7.7","423","±111","92.6%","±4.2","419","±91","80.6%","±9.4","216","±61","90.0%","±13.9","203","±52","72.5%","±14.0","1,597","±142","84.7%","±6.9","805","±85","89.5%","±5.4","792","±111","80.2%","±12.4","13","±14","100.0%","±94.1","13","±14","100.0%","±94.1","0","±14","-","**","85","±78","100.0%","±36.7","5","±10","100.0%","±100.0","80","±76","100.0%","±37.9","270","±79","70.5%","±16.9","117","±53","79.1%","±19.9","153","±56","65.1%","±19.1","172","±76","79.3%","±13.4","46","±40","65.7%","±28.8","126","±70","85.7%","±10.8","93","±72","67.4%","±21.4","76","±68","100.0%","±38.9","17","±25","27.4%","±40.8","904","±161","87.4%","±6.5","495","±116","84.8%","±10.1","409","±90","90.9%","±5.9","559","±128","91.8%","±5.4","253","±80","91.3%","±7.5","306","±100","92.2%","±6.3","508","±153","91.4%","±7.7","304","±107","87.6%","±12.2","204","±87","97.6%","±3.7","114","±58","78.1%","±15.6","62","±36","73.8%","±22.1","52","±35","83.9%","±13.3","4","±8","100.0%","±100.0","1","±4","100.0%","±100.0","3","±6","100.0%","±100.0","245","±112","89.1%","±11.3","110","±80","82.1%","±20.4","135","±70","95.7%","±6.6","740","±126","80.6%","±8.8","386","±103","86.0%","±10.9","354","±76","75.5%","±13.2"
"        Bachelor's degree or higher","95","±41","12.4%","±5.4","25","±20","8.0%","±6.7","70","±32","15.3%","±6.9","96","±61","18.5%","±10.6","36","±28","15.0%","±11.0","60","±50","21.4%","±16.8","77","±49","4.1%","±2.6","43","±38","4.8%","±4.3","34","±27","3.4%","±2.7","0","±14","0.0%","±94.1","0","±14","0.0%","±94.1","0","±14","-","**","0","±14","0.0%","±36.7","0","±14","0.0%","±100.0","0","±14","0.0%","±37.9","54","±44","14.1%","±11.3","22","±25","14.9%","±16.0","32","±30","13.6%","±11.5","6","±9","2.8%","±4.3","0","±19","0.0%","±40.5","6","±9","4.1%","±7.3","0","±14","0.0%","±26.0","0","±14","0.0%","±38.9","0","±14","0.0%","±43.1","127","±84","12.3%","±7.9","78","±66","13.4%","±11.2","49","±45","10.9%","±9.5","72","±46","11.8%","±7.1","48","±38","17.3%","±13.2","24","±18","7.2%","±5.5","35","±34","6.3%","±5.4","31","±33","8.9%","±8.8","4","±6","1.9%","±2.6","15","±29","10.3%","±17.2","0","±19","0.0%","±36.9","15","±29","24.2%","±34.6","3","±6","75.0%","±72.0","0","±14","0.0%","±100.0","3","±6","100.0%","±100.0","15","±23","5.5%","±8.5","14","±23","10.4%","±21.8","1","±2","0.7%","±1.6","194","±92","21.1%","±8.3","135","±88","30.1%","±16.0","59","±29","12.6%","±6.5"
"    Asian alone","536","±78","(X)","(X)","201","±48","(X)","(X)","335","±68","(X)","(X)","763","±126","(X)","(X)","265","±65","(X)","(X)","498","±92","(X)","(X)","394","±114","(X)","(X)","151","±84","(X)","(X)","243","±96","(X)","(X)","19","±32","(X)","(X)","0","±14","(X)","(X)","19","±32","(X)","(X)","9","±19","(X)","(X)","0","±14","(X)","(X)","9","±19","(X)","(X)","167","±38","(X)","(X)","100","±42","(X)","(X)","67","±28","(X)","(X)","23","±17","(X)","(X)","0","±19","(X)","(X)","23","±17","(X)","(X)","0","±14","(X)","(X)","0","±14","(X)","(X)","0","±14","(X)","(X)","707","±123","(X)","(X)","275","±88","(X)","(X)","432","±82","(X)","(X)","0","±14","(X)","(X)","0","±14","(X)","(X)","0","±14","(X)","(X)","871","±104","(X)","(X)","281","±95","(X)","(X)","590","±74","(X)","(X)","97","±73","(X)","(X)","59","±57","(X)","(X)","38","±28","(X)","(X)","45","±70","(X)","(X)","29","±40","(X)","(X)","16","±33","(X)","(X)","63","±51","(X)","(X)","50","±46","(X)","(X)","13","±18","(X)","(X)","1,175","±139","(X)","(X)","533","±105","(X)","(X)","642","±69","(X)","(X)"
"        High school graduate or higher","509","±77","95.0%","±5.5","194","±47","96.5%","±5.6","315","±68","94.0%","±6.5","695","±126","91.1%","±6.6","223","±67","84.2%","±13.2","472","±90","94.8%","±5.6","266","±93","67.5%","±23.7","133","±68","88.1%","±15.5","133","±77","54.7%","±32.1","19","±32","100.0%","±77.8","0","±14","-","**","19","±32","100.0%","±77.8","9","±19","100.0%","±100.0","0","±14","-","**","9","±19","100.0%","±100.0","147","±48","88.0%","±14.3","80","±50","80.0%","±23.5","67","±28","100.0%","±41.4","23","±17","100.0%","±70.7","0","±19","-","**","23","±17","100.0%","±70.7","0","±14","-","**","0","±14","-","**","0","±14","-","**","643","±121","90.9%","±7.6","226","±66","82.2%","±16.3","417","±89","96.5%","±5.3","0","±14","-","**","0","±14","-","**","0","±14","-","**","798","±110","91.6%","±6.0","262","±93","93.2%","±11.4","536","±75","90.8%","±6.6","92","±72","94.8%","±15.5","59","±57","100.0%","±44.2","33","±27","86.8%","±35.5","45","±70","100.0%","±50.6","29","±40","100.0%","±63.0","16","±33","100.0%","±84.8","40","±42","63.5%","±33.8","40","±42","80.0%","±34.9","0","±19","0.0%","±94.1","1,039","±155","88.4%","±7.3","509","±98","95.5%","±4.5","530","±105","82.6%","±12.5"
"        Bachelor's degree or higher","158","±75","29.5%","±11.5","46","±20","22.9%","±8.9","112","±63","33.4%","±17.7","331","±143","43.4%","±15.2","72","±49","27.2%","±15.7","259","±116","52.0%","±20.0","106","±63","26.9%","±15.6","40","±34","26.5%","±20.1","66","±47","27.2%","±20.2","19","±32","100.0%","±77.8","0","±14","-","**","19","±32","100.0%","±77.8","9","±19","100.0%","±100.0","0","±14","-","**","9","±19","100.0%","±100.0","108","±67","64.7%","±32.3","69","±52","69.0%","±29.4","39","±41","58.2%","±50.2","0","±19","0.0%","±70.7","0","±19","-","**","0","±19","0.0%","±70.7","0","±14","-","**","0","±14","-","**","0","±14","-","**","250","±96","35.4%","±13.8","60","±55","21.8%","±20.2","190","±73","44.0%","±15.7","0","±14","-","**","0","±14","-","**","0","±14","-","**","130","±69","14.9%","±7.6","21","±21","7.5%","±9.0","109","±70","18.5%","±11.8","33","±27","34.0%","±23.7","0","±19","0.0%","±44.2","33","±27","86.8%","±35.5","14","±23","31.1%","±55.2","14","±23","48.3%","±51.7","0","±14","0.0%","±84.8","17","±23","27.0%","±30.1","17","±23","34.0%","±39.5","0","±19","0.0%","±94.1","371","±158","31.6%","±11.6","206","±107","38.6%","±17.6","165","±78","25.7%","±11.2"
"    Native Hawaiian and Other Pacific Islander alone","43","±50","(X)","(X)","41","±51","(X)","(X)","2","±6","(X)","(X)","80","±22","(X)","(X)","36","±32","(X)","(X)","44","±27","(X)","(X)","60","±23","(X)","(X)","32","±21","(X)","(X)","28","±16","(X)","(X)","0","±14","(X)","(X)","0","±14","(X)","(X)","0","±14","(X)","(X)","0","±14","(X)","(X)","0","±14","(X)","(X)","0","±14","(X)","(X)","39","±41","(X)","(X)","39","±41","(X)","(X)","0","±21","(X)","(X)","0","±19","(X)","(X)","0","±19","(X)","(X)","0","±19","(X)","(X)","3","±7","(X)","(X)","3","±7","(X)","(X)","0","±14","(X)","(X)","48","±58","(X)","(X)","1","±3","(X)","(X)","47","±57","(X)","(X)","0","±14","(X)","(X)","0","±14","(X)","(X)","0","±14","(X)","(X)","231","±106","(X)","(X)","113","±76","(X)","(X)","118","±51","(X)","(X)","1","±9","(X)","(X)","1","±9","(X)","(X)","0","±19","(X)","(X)","0","±14","(X)","(X)","0","±14","(X)","(X)","0","±14","(X)","(X)","0","±19","(X)","(X)","0","±19","(X)","(X)","0","±19","(X)","(X)","6","±7","(X)","(X)","2","±5","(X)","(X)","4","±5","(X)","(X)"
"        High school graduate or higher","12","±14","27.9%","±72.1","10","±14","24.4%","±74.8","2","±6","100.0%","±100.0","80","±22","100.0%","±37.9","36","±32","100.0%","±56.5","44","±27","100.0%","±51.1","60","±23","100.0%","±43.8","32","±21","100.0%","±59.9","28","±16","100.0%","±64.1","0","±14","-","**","0","±14","-","**","0","±14","-","**","0","±14","-","**","0","±14","-","**","0","±14","-","**","39","±41","100.0%","±54.3","39","±41","100.0%","±54.3","0","±21","-","**","0","±19","-","**","0","±19","-","**","0","±19","-","**","3","±7","100.0%","±100.0","3","±7","100.0%","±100.0","0","±14","-","**","48","±58","100.0%","±48.9","1","±3","100.0%","±100.0","47","±57","100.0%","±49.5","0","±14","-","**","0","±14","-","**","0","±14","-","**","212","±92","91.8%","±15.6","113","±76","100.0%","±30.4","99","±55","83.9%","±33.3","1","±9","100.0%","±100.0","1","±9","100.0%","±100.0","0","±19","-","**","0","±14","-","**","0","±14","-","**","0","±14","-","**","0","±19","-","**","0","±19","-","**","0","±19","-","**","6","±7","100.0%","±100.0","2","±5","100.0%","±100.0","4","±5","100.0%","±100.0"
"        Bachelor's degree or higher","0","±25","0.0%","±51.7","0","±25","0.0%","±53.0","0","±25","0.0%","±100.0","13","±20","16.3%","±25.9","11","±20","30.6%","±44.2","2","±4","4.5%","±11.2","3","±8","5.0%","±12.8","0","±32","0.0%","±59.9","3","±8","10.7%","±26.3","0","±14","-","**","0","±14","-","**","0","±14","-","**","0","±14","-","**","0","±14","-","**","0","±14","-","**","20","±26","51.3%","±51.3","20","±26","51.3%","±51.3","0","±21","-","**","0","±19","-","**","0","±19","-","**","0","±19","-","**","0","±14","0.0%","±100.0","0","±14","0.0%","±100.0","0","±14","-","**","0","±32","0.0%","±48.9","0","±32","0.0%","±100.0","0","±32","0.0%","±49.5","0","±14","-","**","0","±14","-","**","0","±14","-","**","56","±51","24.2%","±23.9","56","±51","49.6%","±41.0","0","±32","0.0%","±29.4","0","±19","0.0%","±100.0","0","±19","0.0%","±100.0","0","±19","-","**","0","±14","-","**","0","±14","-","**","0","±14","-","**","0","±19","-","**","0","±19","-","**","0","±19","-","**","0","±32","0.0%","±100.0","0","±32","0.0%","±100.0","0","±32","0.0%","±100.0"
"    Some other race alone","653","±188","(X)","(X)","244","±114","(X)","(X)","409","±149","(X)","(X)","1,526","±352","(X)","(X)","884","±192","(X)","(X)","642","±216","(X)","(X)","2,542","±579","(X)","(X)","1,294","±364","(X)","(X)","1,248","±280","(X)","(X)","0","±14","(X)","(X)","0","±14","(X)","(X)","0","±14","(X)","(X)","32","±47","(X)","(X)","0","±14","(X)","(X)","32","±47","(X)","(X)","944","±261","(X)","(X)","567","±180","(X)","(X)","377","±131","(X)","(X)","35","±48","(X)","(X)","8","±11","(X)","(X)","27","±46","(X)","(X)","46","±43","(X)","(X)","46","±43","(X)","(X)","0","±14","(X)","(X)","2,591","±473","(X)","(X)","1,503","±313","(X)","(X)","1,088","±257","(X)","(X)","89","±92","(X)","(X)","46","±44","(X)","(X)","43","±62","(X)","(X)","2,173","±435","(X)","(X)","1,040","±253","(X)","(X)","1,133","±275","(X)","(X)","365","±181","(X)","(X)","244","±138","(X)","(X)","121","±75","(X)","(X)","28","±32","(X)","(X)","17","±28","(X)","(X)","11","±18","(X)","(X)","126","±84","(X)","(X)","7","±15","(X)","(X)","119","±81","(X)","(X)","2,971","±399","(X)","(X)","1,696","±262","(X)","(X)","1,275","±217","(X)","(X)"
"        High school graduate or higher","539","±171","82.5%","±9.9","169","±96","69.3%","±18.8","370","±154","90.5%","±9.9","1,163","±317","76.2%","±11.5","730","±182","82.6%","±11.9","433","±192","67.4%","±14.9","1,727","±499","67.9%","±7.9","920","±310","71.1%","±9.4","807","±252","64.7%","±11.1","0","±14","-","**","0","±14","-","**","0","±14","-","**","32","±47","100.0%","±59.9","0","±14","-","**","32","±47","100.0%","±59.9","542","±202","57.4%","±15.7","300","±150","52.9%","±22.2","242","±103","64.2%","±18.8","27","±46","77.1%","±40.3","0","±19","0.0%","±100.0","27","±46","100.0%","±65.3","12","±19","26.1%","±44.7","12","±19","26.1%","±44.7","0","±14","-","**","1,445","±308","55.8%","±9.4","935","±291","62.2%","±14.7","510","±128","46.9%","±11.8","61","±66","68.5%","±21.3","23","±32","50.0%","±47.2","38","±60","88.4%","±31.9","1,557","±398","71.7%","±9.2","736","±234","70.8%","±11.3","821","±247","72.5%","±12.2","289","±155","79.2%","±12.5","173","±104","70.9%","±16.0","116","±75","95.9%","±7.2","28","±32","100.0%","±64.1","17","±28","100.0%","±82.2","11","±18","100.0%","±100.0","101","±79","80.2%","±22.5","7","±15","100.0%","±100.0","94","±77","79.0%","±24.3","1,913","±372","64.4%","±8.1","1,199","±298","70.7%","±9.8","714","±169","56.0%","±12.4"
"        Bachelor's degree or higher","25","±33","3.8%","±5.5","18","±30","7.4%","±13.2","7","±12","1.7%","±3.1","410","±245","26.9%","±13.4","202","±117","22.9%","±12.1","208","±165","32.4%","±19.9","118","±81","4.6%","±3.4","33","±34","2.6%","±2.7","85","±75","6.8%","±6.1","0","±14","-","**","0","±14","-","**","0","±14","-","**","0","±14","0.0%","±59.9","0","±14","-","**","0","±14","0.0%","±59.9","32","±52","3.4%","±5.3","32","±52","5.6%","±8.9","0","±21","0.0%","±10.7","27","±46","77.1%","±40.3","0","±19","0.0%","±100.0","27","±46","100.0%","±65.3","0","±14","0.0%","±50.0","0","±14","0.0%","±50.0","0","±14","-","**","242","±147","9.3%","±6.4","153","±133","10.2%","±9.3","89","±64","8.2%","±6.3","0","±14","0.0%","±35.7","0","±14","0.0%","±50.0","0","±14","0.0%","±51.7","102","±78","4.7%","±3.5","46","±53","4.4%","±5.0","56","±48","4.9%","±4.2","4","±9","1.1%","±2.6","4","±9","1.6%","±4.0","0","±19","0.0%","±28.8","11","±18","39.3%","±59.9","0","±14","0.0%","±82.3","11","±18","100.0%","±100.0","86","±74","68.3%","±28.6","0","±19","0.0%","±100.0","86","±74","72.3%","±28.0","284","±151","9.6%","±5.0","167","±116","9.8%","±6.2","117","±89","9.2%","±7.3"
"    Two or more races","1,109","±280","(X)","(X)","602","±207","(X)","(X)","507","±154","(X)","(X)","2,224","±274","(X)","(X)","1,139","±165","(X)","(X)","1,085","±187","(X)","(X)","3,899","±679","(X)","(X)","2,298","±440","(X)","(X)","1,601","±325","(X)","(X)","65","±64","(X)","(X)","36","±37","(X)","(X)","29","±34","(X)","(X)","0","±14","(X)","(X)","0","±14","(X)","(X)","0","±14","(X)","(X)","1,004","±237","(X)","(X)","518","±137","(X)","(X)","486","±157","(X)","(X)","95","±62","(X)","(X)","53","±38","(X)","(X)","42","±47","(X)","(X)","65","±57","(X)","(X)","56","±53","(X)","(X)","9","±15","(X)","(X)","3,249","±505","(X)","(X)","1,583","±319","(X)","(X)","1,666","±307","(X)","(X)","176","±117","(X)","(X)","72","±67","(X)","(X)","104","±96","(X)","(X)","3,304","±698","(X)","(X)","1,779","±400","(X)","(X)","1,525","±409","(X)","(X)","392","±172","(X)","(X)","289","±145","(X)","(X)","103","±68","(X)","(X)","184","±108","(X)","(X)","111","±80","(X)","(X)","73","±50","(X)","(X)","316","±107","(X)","(X)","238","±108","(X)","(X)","78","±54","(X)","(X)","3,489","±470","(X)","(X)","1,981","±277","(X)","(X)","1,508","±302","(X)","(X)"
"        High school graduate or higher","969","±293","87.4%","±9.9","518","±214","86.0%","±10.0","451","±150","89.0%","±15.9","2,019","±274","90.8%","±4.0","1,039","±182","91.2%","±5.4","980","±188","90.3%","±7.1","3,196","±555","82.0%","±6.1","2,045","±392","89.0%","±4.6","1,151","±273","71.9%","±11.5","43","±36","66.2%","±30.5","14","±14","38.9%","±52.7","29","±34","100.0%","±63.0","0","±14","-","**","0","±14","-","**","0","±14","-","**","775","±182","77.2%","±9.8","385","±123","74.3%","±13.6","390","±139","80.2%","±12.2","54","±52","56.8%","±33.9","12","±16","22.6%","±31.2","42","±47","100.0%","±52.3","49","±53","75.4%","±39.4","40","±50","71.4%","±47.9","9","±15","100.0%","±100.0","2,808","±466","86.4%","±5.9","1,410","±291","89.1%","±5.2","1,398","±279","83.9%","±9.5","137","±112","77.8%","±29.8","33","±38","45.8%","±42.7","104","±96","100.0%","±32.2","2,476","±542","74.9%","±8.7","1,280","±370","72.0%","±11.7","1,196","±316","78.4%","±14.0","322","±178","82.1%","±14.6","225","±145","77.9%","±18.5","97","±67","94.2%","±9.0","183","±108","99.5%","±1.9","110","±79","99.1%","±3.1","73","±50","100.0%","±39.7","225","±81","71.2%","±12.1","151","±88","63.4%","±18.2","74","±53","94.9%","±12.4","2,617","±424","75.0%","±6.5","1,481","±261","74.8%","±7.0","1,136","±282","75.3%","±9.4"
"        Bachelor's degree or higher","139","±82","12.5%","±7.0","37","±30","6.1%","±4.9","102","±73","20.1%","±13.4","541","±196","24.3%","±7.8","304","±136","26.7%","±10.4","237","±132","21.8%","±11.5","406","±192","10.4%","±4.9","181","±143","7.9%","±6.4","225","±134","14.1%","±8.0","7","±11","10.8%","±17.6","0","±14","0.0%","±56.5","7","±11","24.1%","±33.1","0","±14","-","**","0","±14","-","**","0","±14","-","**","78","±66","7.8%","±6.1","0","±21","0.0%","±7.9","78","±66","16.0%","±13.4","38","±42","40.0%","±34.5","6","±9","11.3%","±21.8","32","±42","76.2%","±47.2","9","±15","13.8%","±25.1","0","±14","0.0%","±45.3","9","±15","100.0%","±100.0","480","±216","14.8%","±5.8","183","±102","11.6%","±6.3","297","±182","17.8%","±9.8","10","±13","5.7%","±9.5","9","±12","12.5%","±19.6","1","±3","1.0%","±2.7","312","±178","9.4%","±5.7","41","±62","2.3%","±3.7","271","±154","17.8%","±10.1","24","±24","6.1%","±5.8","18","±22","6.2%","±7.0","6","±10","5.8%","±10.6","52","±40","28.3%","±21.7","19","±27","17.1%","±24.6","33","±30","45.2%","±34.1","24","±27","7.6%","±7.3","11","±16","4.6%","±6.7","13","±23","16.7%","±26.7","513","±178","14.7%","±5.1","344","±148","17.4%","±7.7","169","±85","11.2%","±5.5"
"    Hispanic or Latino Origin","1,826","±96","(X)","(X)","944","±61","(X)","(X)","882","±66","(X)","(X)","4,074","*****","(X)","(X)","2,120","*****","(X)","(X)","1,954","*****","(X)","(X)","7,213","*****","(X)","(X)","3,914","*****","(X)","(X)","3,299","*****","(X)","(X)","226","±139","(X)","(X)","181","±117","(X)","(X)","45","±43","(X)","(X)","88","±70","(X)","(X)","29","±38","(X)","(X)","59","±54","(X)","(X)","2,618","±91","(X)","(X)","1,414","±91","(X)","(X)","1,204","*****","(X)","(X)","787","±224","(X)","(X)","378","±144","(X)","(X)","409","±128","(X)","(X)","116","±64","(X)","(X)","84","±35","(X)","(X)","32","±49","(X)","(X)","6,555","*****","(X)","(X)","3,674","*****","(X)","(X)","2,881","*****","(X)","(X)","477","±175","(X)","(X)","269","±123","(X)","(X)","208","±94","(X)","(X)","5,214","±237","(X)","(X)","2,753","±171","(X)","(X)","2,461","±111","(X)","(X)","1,026","±87","(X)","(X)","770","±85","(X)","(X)","256","±68","(X)","(X)","147","±110","(X)","(X)","92","±81","(X)","(X)","55","±59","(X)","(X)","1,075","±47","(X)","(X)","566","±121","(X)","(X)","509","±126","(X)","(X)","8,118","*****","(X)","(X)","4,342","*****","(X)","(X)","3,776","*****","(X)","(X)"
"        High school graduate or higher","1,483","±152","81.2%","±8.0","739","±94","78.3%","±10.1","744","±105","84.4%","±10.2","3,133","±219","76.9%","±5.4","1,621","±129","76.5%","±6.1","1,512","±153","77.4%","±7.8","5,355","±303","74.2%","±4.2","3,109","±173","79.4%","±4.4","2,246","±257","68.1%","±7.8","73","±55","32.3%","±25.0","39","±35","21.5%","±25.4","34","±37","75.6%","±36.3","74","±67","84.1%","±24.3","29","±38","100.0%","±63.0","45","±52","76.3%","±39.2","1,635","±228","62.5%","±7.9","818","±188","57.9%","±11.7","817","±102","67.9%","±8.5","776","±225","98.6%","±1.7","369","±145","97.6%","±3.1","407","±128","99.5%","±1.3","34","±30","29.3%","±28.6","34","±30","40.5%","±39.3","0","±14","0.0%","±59.9","4,440","±354","67.7%","±5.4","2,632","±274","71.6%","±7.5","1,808","±228","62.8%","±7.9","344","±152","72.1%","±15.1","169","±127","62.8%","±31.5","175","±96","84.1%","±17.3","3,568","±348","68.4%","±6.7","1,928","±224","70.0%","±7.8","1,640","±293","66.6%","±11.2","721","±126","70.3%","±8.9","498","±121","64.7%","±11.2","223","±64","87.1%","±10.5","147","±110","100.0%","±24.7","92","±81","100.0%","±35.0","55","±59","100.0%","±45.7","897","±92","83.4%","±6.7","417","±119","73.7%","±11.9","480","±129","94.3%","±6.0","5,280","±421","65.0%","±5.2","3,038","±288","70.0%","±6.6","2,242","±256","59.4%","±6.8"
"        Bachelor's degree or higher","130","±95","7.1%","±5.2","65","±78","6.9%","±8.4","65","±55","7.4%","±6.1","633","±212","15.5%","±5.2","340","±136","16.0%","±6.4","293","±151","15.0%","±7.8","516","±225","7.2%","±3.1","244","±144","6.2%","±3.7","272","±155","8.2%","±4.7","17","±28","7.5%","±14.0","17","±28","9.4%","±18.2","0","±14","0.0%","±50.6","0","±14","0.0%","±35.9","0","±14","0.0%","±63.0","0","±14","0.0%","±44.2","205","±102","7.8%","±3.8","65","±71","4.6%","±5.0","140","±81","11.6%","±6.7","109","±99","13.9%","±13.2","0","±19","0.0%","±10.6","109","±99","26.7%","±24.0","0","±14","0.0%","±29.8","0","±14","0.0%","±36.9","0","±14","0.0%","±59.9","743","±312","11.3%","±4.8","417","±243","11.4%","±6.6","326","±189","11.3%","±6.6","96","±108","20.1%","±20.4","96","±108","35.7%","±33.0","0","±14","0.0%","±18.4","422","±182","8.1%","±3.5","300","±165","10.9%","±6.1","122","±97","5.0%","±3.9","77","±54","7.5%","±5.3","29","±27","3.8%","±3.5","48","±46","18.8%","±16.2","16","±27","10.9%","±18.3","16","±27","17.4%","±28.1","0","±14","0.0%","±45.7","103","±84","9.6%","±7.8","6","±12","1.1%","±2.1","97","±81","19.1%","±16.7","699","±207","8.6%","±2.6","338","±145","7.8%","±3.3","361","±130","9.6%","±3.5"
"POVERTY RATE FOR THE POPULATION 25 YEARS AND OVER FOR WHOM POVERTY STATUS IS DETERMINED BY EDUCATIONAL ATTAINMENT LEVEL","","","","","","","","","","","","","","","","","","","","","","","","","","","","","","","","","","","","","","","","","","","","","","","","","","","","","","","","","","","","","","","","","","","","","","","","","","","","","","","","","","","","","","","","","","","","","","","","","","","","","","","","","","","","","","","","","","","","","","","","","","","","","","","","","","","","","","","","","","","","","","","","","","","","","","","","","","","","","","","","","","","","","","","","","","","","","","","","","","","",""
"    Less than high school graduate","(X)","(X)","22.8%","±10.4","(X)","(X)","24.2%","±14.2","(X)","(X)","20.7%","±9.8","(X)","(X)","13.5%","±4.5","(X)","(X)","12.6%","±5.8","(X)","(X)","14.5%","±6.2","(X)","(X)","14.5%","±7.0","(X)","(X)","14.6%","±9.6","(X)","(X)","14.4%","±11.4","(X)","(X)","58.9%","±35.0","(X)","(X)","64.7%","±34.6","(X)","(X)","0.0%","±82.3","(X)","(X)","62.7%","±44.4","(X)","(X)","83.3%","±40.7","(X)","(X)","33.3%","±52.9","(X)","(X)","22.3%","±8.1","(X)","(X)","13.2%","±8.9","(X)","(X)","34.5%","±13.9","(X)","(X)","34.0%","±17.5","(X)","(X)","31.4%","±18.2","(X)","(X)","53.5%","±37.6","(X)","(X)","22.5%","±23.7","(X)","(X)","0.0%","±30.6","(X)","(X)","42.2%","±36.1","(X)","(X)","19.2%","±5.8","(X)","(X)","13.7%","±5.7","(X)","(X)","24.9%","±8.6","(X)","(X)","22.5%","±15.6","(X)","(X)","8.4%","±8.3","(X)","(X)","55.8%","±32.3","(X)","(X)","23.9%","±5.2","(X)","(X)","24.8%","±6.9","(X)","(X)","22.7%","±8.0","(X)","(X)","10.8%","±9.6","(X)","(X)","12.5%","±16.2","(X)","(X)","8.9%","±10.6","(X)","(X)","3.8%","±6.4","(X)","(X)","0.0%","±21.8","(X)","(X)","14.1%","±20.1","(X)","(X)","36.2%","±17.7","(X)","(X)","35.8%","±24.0","(X)","(X)","36.7%","±27.3","(X)","(X)","22.0%","±4.9","(X)","(X)","17.5%","±6.5","(X)","(X)","25.9%","±7.1"
"    High school graduate (includes equivalency)","(X)","(X)","8.7%","±3.0","(X)","(X)","6.3%","±3.4","(X)","(X)","11.4%","±4.0","(X)","(X)","9.2%","±2.6","(X)","(X)","8.5%","±3.3","(X)","(X)","9.8%","±3.5","(X)","(X)","11.8%","±2.7","(X)","(X)","10.2%","±3.5","(X)","(X)","13.9%","±4.4","(X)","(X)","10.8%","±9.0","(X)","(X)","12.2%","±13.6","(X)","(X)","9.4%","±10.7","(X)","(X)","3.0%","±5.2","(X)","(X)","5.2%","±8.6","(X)","(X)","0.0%","±19.3","(X)","(X)","12.0%","±4.8","(X)","(X)","8.6%","±5.2","(X)","(X)","16.1%","±7.4","(X)","(X)","19.1%","±13.2","(X)","(X)","17.9%","±18.4","(X)","(X)","20.1%","±12.3","(X)","(X)","7.4%","±4.9","(X)","(X)","2.1%","±2.6","(X)","(X)","12.4%","±8.6","(X)","(X)","11.6%","±2.6","(X)","(X)","11.4%","±2.9","(X)","(X)","11.8%","±3.5","(X)","(X)","14.4%","±6.2","(X)","(X)","18.4%","±10.0","(X)","(X)","11.1%","±5.9","(X)","(X)","15.8%","±3.0","(X)","(X)","13.5%","±3.7","(X)","(X)","18.3%","±4.2","(X)","(X)","16.2%","±8.4","(X)","(X)","16.2%","±10.0","(X)","(X)","16.1%","±12.2","(X)","(X)","12.5%","±13.5","(X)","(X)","21.0%","±24.2","(X)","(X)","5.5%","±7.7","(X)","(X)","11.0%","±4.5","(X)","(X)","6.2%","±5.5","(X)","(X)","18.1%","±9.0","(X)","(X)","11.1%","±2.6","(X)","(X)","11.2%","±3.9","(X)","(X)","11.0%","±3.3"
"    Some college or associate's degree","(X)","(X)","10.0%","±4.2","(X)","(X)","10.4%","±5.7","(X)","(X)","9.6%","±4.3","(X)","(X)","6.9%","±1.5","(X)","(X)","5.9%","±1.9","(X)","(X)","7.8%","±2.2","(X)","(X)","6.2%","±1.6","(X)","(X)","5.3%","±1.9","(X)","(X)","7.4%","±2.4","(X)","(X)","4.8%","±4.2","(X)","(X)","4.3%","±6.6","(X)","(X)","5.2%","±5.2","(X)","(X)","5.9%","±6.5","(X)","(X)","0.0%","±22.7","(X)","(X)","9.7%","±11.1","(X)","(X)","7.9%","±3.1","(X)","(X)","5.8%","±3.7","(X)","(X)","10.1%","±4.2","(X)","(X)","2.2%","±2.0","(X)","(X)","1.3%","±1.7","(X)","(X)","3.5%","±4.1","(X)","(X)","4.1%","±3.1","(X)","(X)","2.0%","±2.9","(X)","(X)","6.9%","±5.9","(X)","(X)","6.9%","±1.3","(X)","(X)","6.1%","±1.8","(X)","(X)","7.7%","±1.9","(X)","(X)","16.5%","±8.1","(X)","(X)","20.1%","±15.4","(X)","(X)","13.8%","±7.1","(X)","(X)","11.2%","±2.4","(X)","(X)","8.4%","±3.5","(X)","(X)","13.8%","±3.4","(X)","(X)","6.0%","±5.1","(X)","(X)","1.2%","±2.7","(X)","(X)","10.9%","±9.7","(X)","(X)","13.6%","±8.4","(X)","(X)","6.2%","±6.6","(X)","(X)","20.8%","±13.2","(X)","(X)","5.1%","±3.3","(X)","(X)","2.1%","±3.0","(X)","(X)","7.4%","±5.1","(X)","(X)","10.4%","±1.8","(X)","(X)","8.1%","±2.3","(X)","(X)","12.6%","±3.0"
"    Bachelor's degree or higher","(X)","(X)","5.7%","±3.5","(X)","(X)","3.1%","±3.4","(X)","(X)","8.2%","±5.7","(X)","(X)","3.8%","±1.3","(X)","(X)","3.1%","±1.3","(X)","(X)","4.6%","±1.9","(X)","(X)","5.0%","±2.4","(X)","(X)","6.7%","±4.4","(X)","(X)","3.4%","±2.1","(X)","(X)","2.8%","±4.8","(X)","(X)","0.0%","±36.7","(X)","(X)","4.7%","±7.7","(X)","(X)","18.9%","±28.3","(X)","(X)","0.0%","±36.4","(X)","(X)","38.6%","±44.6","(X)","(X)","6.1%","±4.0","(X)","(X)","5.7%","±5.5","(X)","(X)","6.5%","±5.9","(X)","(X)","0.0%","±7.6","(X)","(X)","0.0%","±20.7","(X)","(X)","0.0%","±11.1","(X)","(X)","4.7%","±2.6","(X)","(X)","9.1%","±5.6","(X)","(X)","0.0%","±16.7","(X)","(X)","6.2%","±2.6","(X)","(X)","6.5%","±3.2","(X)","(X)","5.9%","±3.2","(X)","(X)","12.6%","±11.5","(X)","(X)","16.2%","±16.7","(X)","(X)","5.2%","±7.2","(X)","(X)","9.9%","±3.7","(X)","(X)","11.3%","±5.1","(X)","(X)","8.2%","±4.5","(X)","(X)","3.7%","±4.0","(X)","(X)","0.0%","±29.2","(X)","(X)","5.2%","±5.4","(X)","(X)","1.6%","±2.2","(X)","(X)","0.0%","±7.4","(X)","(X)","3.8%","±4.8","(X)","(X)","2.6%","±3.2","(X)","(X)","5.8%","±6.8","(X)","(X)","1.0%","±1.9","(X)","(X)","4.3%","±1.7","(X)","(X)","3.9%","±1.9","(X)","(X)","4.8%","±2.2"
"MEDIAN EARNINGS IN THE PAST 12 MONTHS (IN 2022 INFLATION-ADJUSTED DOLLARS)","","","","","","","","","","","","","","","","","","","","","","","","","","","","","","","","","","","","","","","","","","","","","","","","","","","","","","","","","","","","","","","","","","","","","","","","","","","","","","","","","","","","","","","","","","","","","","","","","","","","","","","","","","","","","","","","","","","","","","","","","","","","","","","","","","","","","","","","","","","","","","","","","","","","","","","","","","","","","","","","","","","","","","","","","","","","","","","","","","","",""
"    Population 25 years and over with earnings","47,991","±3,525","(X)","(X)","57,246","±3,747","(X)","(X)","37,410","±2,709","(X)","(X)","45,959","±3,038","(X)","(X)","53,190","±3,529","(X)","(X)","39,792","±2,261","(X)","(X)","54,963","±2,836","(X)","(X)","74,479","±5,985","(X)","(X)","38,454","±3,281","(X)","(X)","46,042","±19,499","(X)","(X)","57,411","±22,168","(X)","(X)","-","**","(X)","(X)","67,813","±26,823","(X)","(X)","82,974","±13,619","(X)","(X)","20,598","±14,754","(X)","(X)","53,043","±7,122","(X)","(X)","77,598","±4,221","(X)","(X)","30,701","±4,693","(X)","(X)","75,765","±17,108","(X)","(X)","86,360","±17,722","(X)","(X)","53,852","±13,306","(X)","(X)","53,963","±13,572","(X)","(X)","64,674","±19,963","(X)","(X)","47,629","±10,547","(X)","(X)","46,291","±1,939","(X)","(X)","54,672","±2,986","(X)","(X)","36,090","±1,991","(X)","(X)","44,151","±6,353","(X)","(X)","56,491","±12,601","(X)","(X)","35,987","±8,268","(X)","(X)","39,040","±4,458","(X)","(X)","46,754","±3,696","(X)","(X)","32,937","±2,941","(X)","(X)","44,853","±13,000","(X)","(X)","63,155","±18,083","(X)","(X)","26,109","±3,603","(X)","(X)","45,292","±6,561","(X)","(X)","47,074","±6,792","(X)","(X)","40,833","±14,905","(X)","(X)","56,241","±5,000","(X)","(X)","58,045","±5,237","(X)","(X)","52,228","±8,180","(X)","(X)","42,449","±1,624","(X)","(X)","46,217","±1,308","(X)","(X)","37,853","±3,126","(X)","(X)"
"        Less than high school graduate","33,000","±7,381","(X)","(X)","34,278","±7,815","(X)","(X)","30,370","±21,223","(X)","(X)","37,171","±11,637","(X)","(X)","46,705","±13,993","(X)","(X)","26,552","±13,143","(X)","(X)","32,368","±6,723","(X)","(X)","44,167","±11,384","(X)","(X)","22,685","±6,499","(X)","(X)","55,670","±21,824","(X)","(X)","55,670","±21,824","(X)","(X)","-","**","(X)","(X)","-","**","(X)","(X)","-","**","(X)","(X)","-","**","(X)","(X)","31,568","±9,899","(X)","(X)","45,613","±19,615","(X)","(X)","21,384","±7,100","(X)","(X)","-","**","(X)","(X)","-","**","(X)","(X)","-","**","(X)","(X)","26,908","±3,984","(X)","(X)","26,316","±2,452","(X)","(X)","-","**","(X)","(X)","34,344","±2,847","(X)","(X)","41,818","±6,627","(X)","(X)","26,199","±4,147","(X)","(X)","43,194","±23,148","(X)","(X)","55,349","±23,631","(X)","(X)","31,458","±31,338","(X)","(X)","30,435","±13,148","(X)","(X)","45,275","±15,093","(X)","(X)","18,772","±5,223","(X)","(X)","-","**","(X)","(X)","-","**","(X)","(X)","18,913","±8,935","(X)","(X)","38,889","±2,494","(X)","(X)","38,681","±1,913","(X)","(X)","-","**","(X)","(X)","53,088","±24,930","(X)","(X)","53,971","±39,475","(X)","(X)","-","**","(X)","(X)","28,482","±2,923","(X)","(X)","37,000","±9,648","(X)","(X)","26,705","±1,050","(X)","(X)"
"        High school graduate (includes equivalency)","47,260","±9,613","(X)","(X)","56,230","±4,344","(X)","(X)","35,583","±3,531","(X)","(X)","38,098","±3,221","(X)","(X)","42,656","±7,487","(X)","(X)","35,051","±4,369","(X)","(X)","48,906","±7,147","(X)","(X)","59,536","±11,869","(X)","(X)","37,685","±4,281","(X)","(X)","41,250","±30,487","(X)","(X)","57,708","±18,721","(X)","(X)","14,145","±7,396","(X)","(X)","68,911","±16,209","(X)","(X)","76,250","±12,629","(X)","(X)","-","**","(X)","(X)","46,779","±4,439","(X)","(X)","59,291","±12,542","(X)","(X)","26,402","±7,370","(X)","(X)","-","**","(X)","(X)","71,944","±47,261","(X)","(X)","23,041","±4,021","(X)","(X)","45,096","±8,733","(X)","(X)","50,547","±33,622","(X)","(X)","40,938","±18,704","(X)","(X)","41,509","±3,590","(X)","(X)","54,151","±5,288","(X)","(X)","28,311","±3,620","(X)","(X)","41,250","±10,893","(X)","(X)","50,882","±22,933","(X)","(X)","36,250","±18,279","(X)","(X)","34,822","±3,763","(X)","(X)","44,917","±9,632","(X)","(X)","29,243","±5,795","(X)","(X)","43,250","±20,177","(X)","(X)","51,948","±7,157","(X)","(X)","23,438","±5,126","(X)","(X)","22,500","±19,947","(X)","(X)","-","**","(X)","(X)","-","**","(X)","(X)","58,958","±15,618","(X)","(X)","58,517","±11,827","(X)","(X)","70,243","±56,693","(X)","(X)","38,093","±2,528","(X)","(X)","39,466","±2,476","(X)","(X)","33,975","±5,305","(X)","(X)"
"        Some college or associate's degree","47,768","±4,397","(X)","(X)","60,215","±6,806","(X)","(X)","37,203","±1,960","(X)","(X)","42,060","±2,435","(X)","(X)","51,456","±5,207","(X)","(X)","36,719","±5,107","(X)","(X)","60,556","±9,170","(X)","(X)","81,889","±2,389","(X)","(X)","36,880","±3,403","(X)","(X)","-","**","(X)","(X)","70,625","±55,330","(X)","(X)","14,242","±12,892","(X)","(X)","-","**","(X)","(X)","95,526","±11,689","(X)","(X)","-","**","(X)","(X)","66,250","±25,764","(X)","(X)","95,714","±14,660","(X)","(X)","28,267","±8,144","(X)","(X)","90,660","±14,118","(X)","(X)","91,806","±21,305","(X)","(X)","88,350","±27,190","(X)","(X)","62,717","±19,818","(X)","(X)","78,105","±16,858","(X)","(X)","-","**","(X)","(X)","49,524","±4,004","(X)","(X)","57,446","±5,563","(X)","(X)","39,904","±4,816","(X)","(X)","40,833","±19,138","(X)","(X)","61,101","±29,406","(X)","(X)","35,458","±12,128","(X)","(X)","41,836","±8,571","(X)","(X)","46,650","±8,568","(X)","(X)","35,836","±6,744","(X)","(X)","41,902","±28,582","(X)","(X)","93,643","±13,538","(X)","(X)","27,909","±3,732","(X)","(X)","47,271","±7,339","(X)","(X)","50,927","±8,309","(X)","(X)","22,091","±14,101","(X)","(X)","50,649","±6,873","(X)","(X)","57,708","±4,624","(X)","(X)","43,308","±10,581","(X)","(X)","43,527","±1,877","(X)","(X)","48,195","±3,672","(X)","(X)","39,580","±4,668","(X)","(X)"
"        Bachelor's degree","55,472","±13,657","(X)","(X)","68,423","±53,858","(X)","(X)","52,382","±7,788","(X)","(X)","59,342","±6,964","(X)","(X)","73,615","±5,667","(X)","(X)","51,132","±5,800","(X)","(X)","64,429","±6,286","(X)","(X)","73,854","±26,602","(X)","(X)","55,000","±11,576","(X)","(X)","86,953","±17,849","(X)","(X)","86,771","±21,152","(X)","(X)","96,250","±64,889","(X)","(X)","-","**","(X)","(X)","-","**","(X)","(X)","-","**","(X)","(X)","75,219","±10,667","(X)","(X)","79,369","±6,428","(X)","(X)","41,579","±25,829","(X)","(X)","45,000","±18,442","(X)","(X)","116,827","±50,511","(X)","(X)","37,981","±32,249","(X)","(X)","78,500","±36,722","(X)","(X)","79,625","±46,925","(X)","(X)","63,125","±27,829","(X)","(X)","52,580","±9,057","(X)","(X)","56,818","±13,094","(X)","(X)","51,841","±7,151","(X)","(X)","-","**","(X)","(X)","78,217","±46,877","(X)","(X)","47,950","±26,636","(X)","(X)","58,015","±21,155","(X)","(X)","54,600","±25,465","(X)","(X)","59,559","±26,727","(X)","(X)","70,789","±45,666","(X)","(X)","83,696","±33,566","(X)","(X)","-","**","(X)","(X)","77,708","±63,938","(X)","(X)","85,357","±76,688","(X)","(X)","-","**","(X)","(X)","70,982","±11,073","(X)","(X)","61,023","±33,983","(X)","(X)","75,588","±13,908","(X)","(X)","49,814","±1,967","(X)","(X)","51,625","±7,485","(X)","(X)","48,942","±2,872","(X)","(X)"
"        Graduate or professional degree","64,808","±16,587","(X)","(X)","65,179","±25,701","(X)","(X)","64,034","±36,098","(X)","(X)","79,647","±9,304","(X)","(X)","89,872","±19,455","(X)","(X)","73,259","±17,290","(X)","(X)","78,000","±13,823","(X)","(X)","103,371","±14,436","(X)","(X)","56,829","±14,281","(X)","(X)","70,625","±43,764","(X)","(X)","-","**","(X)","(X)","-","**","(X)","(X)","-","**","(X)","(X)","-","**","(X)","(X)","-","**","(X)","(X)","66,786","±19,296","(X)","(X)","56,771","±52,760","(X)","(X)","69,563","±23,004","(X)","(X)","77,706","±12,629","(X)","(X)","108,000","±42,554","(X)","(X)","76,583","±36,923","(X)","(X)","91,700","±21,137","(X)","(X)","101,875","±45,984","(X)","(X)","90,350","±24,626","(X)","(X)","66,369","±24,699","(X)","(X)","83,088","±33,026","(X)","(X)","63,381","±9,362","(X)","(X)","48,869","±35,217","(X)","(X)","-","**","(X)","(X)","-","**","(X)","(X)","54,926","±46,147","(X)","(X)","104,844","±44,720","(X)","(X)","41,016","±25,386","(X)","(X)","76,750","±37,925","(X)","(X)","-","**","(X)","(X)","69,853","±58,790","(X)","(X)","110,200","±58,116","(X)","(X)","-","**","(X)","(X)","111,150","±43,656","(X)","(X)","56,413","±26,345","(X)","(X)","71,429","±29,939","(X)","(X)","56,196","±32,697","(X)","(X)","67,544","±13,222","(X)","(X)","62,250","±21,761","(X)","(X)","68,214","±14,078","(X)","(X)"